DATAFLOW,LAST UPDATE,freq,unit,geo,TIME_PERIOD,OBS_VALUE,OBS_FLAG,CONF_STATUS
ESTAT:TIPSHO40(1.0),07/04/26 11:00:00,Quarterly,"Quarterly index, 2015=100",Poland,2005-Q1,,,N
ESTAT:TIPSHO40(1.0),07/04/26 11:00:00,Quarterly,"Quarterly index, 2015=100",Poland,2005-Q2,,,N
ESTAT:TIPSHO40(1.0),07/04/26 11:00:00,Quarterly,"Quarterly index, 2015=100",Poland,2005-Q3,,,N
ESTAT:TIPSHO40(1.0),07/04/26 11:00:00,Quarterly,"Quarterly index, 2015=100",Poland,2005-Q4,,,N
ESTAT:TIPSHO40(1.0),07/04/26 11:00:00,Quarterly,"Quarterly index, 2015=100",Poland,2006-Q1,,,N
ESTAT:TIPSHO40(1.0),07/04/26 11:00:00,Quarterly,"Quarterly index, 2015=100",Poland,2006-Q2,,,N
ESTAT:TIPSHO40(1.0),07/04/26 11:00:00,Quarterly,"Quarterly index, 2015=100",Poland,2006-Q3,,,N
ESTAT:TIPSHO40(1.0),07/04/26 11:00:00,Quarterly,"Quarterly index, 2015=100",Poland,2006-Q4,,,N
ESTAT:TIPSHO40(1.0),07/04/26 11:00:00,Quarterly,"Quarterly index, 2015=100",Poland,2007-Q1,,,N
ESTAT:TIPSHO40(1.0),07/04/26 11:00:00,Quarterly,"Quarterly index, 2015=100",Poland,2007-Q2,,,N
ESTAT:TIPSHO40(1.0),07/04/26 11:00:00,Quarterly,"Quarterly index, 2015=100",Poland,2007-Q3,,,N
ESTAT:TIPSHO40(1.0),07/04/26 11:00:00,Quarterly,"Quarterly index, 2015=100",Poland,2007-Q4,,,N
ESTAT:TIPSHO40(1.0),07/04/26 11:00:00,Quarterly,"Quarterly index, 2015=100",Poland,2008-Q1,,,N
ESTAT:TIPSHO40(1.0),07/04/26 11:00:00,Quarterly,"Quarterly index, 2015=100",Poland,2008-Q2,,,N
ESTAT:TIPSHO40(1.0),07/04/26 11:00:00,Quarterly,"Quarterly index, 2015=100",Poland,2008-Q3,,,N
ESTAT:TIPSHO40(1.0),07/04/26 11:00:00,Quarterly,"Quarterly index, 2015=100",Poland,2008-Q4,,,N
ESTAT:TIPSHO40(1.0),07/04/26 11:00:00,Quarterly,"Quarterly index, 2015=100",Poland,2009-Q1,,,N
ESTAT:TIPSHO40(1.0),07/04/26 11:00:00,Quarterly,"Quarterly index, 2015=100",Poland,2009-Q2,,,N
ESTAT:TIPSHO40(1.0),07/04/26 11:00:00,Quarterly,"Quarterly index, 2015=100",Poland,2009-Q3,,,N
ESTAT:TIPSHO40(1.0),07/04/26 11:00:00,Quarterly,"Quarterly index, 2015=100",Poland,2009-Q4,,,N
ESTAT:TIPSHO40(1.0),07/04/26 11:00:00,Quarterly,"Quarterly index, 2015=100",Poland,2010-Q1,104.60,,
ESTAT:TIPSHO40(1.0),07/04/26 11:00:00,Quarterly,"Quarterly index, 2015=100",Poland,2010-Q2,105.87,,
ESTAT:TIPSHO40(1.0),07/04/26 11:00:00,Quarterly,"Quarterly index, 2015=100",Poland,2010-Q3,106.02,,
ESTAT:TIPSHO40(1.0),07/04/26 11:00:00,Quarterly,"Quarterly index, 2015=100",Poland,2010-Q4,105.95,,
ESTAT:TIPSHO40(1.0),07/04/26 11:00:00,Quarterly,"Quarterly index, 2015=100",Poland,2011-Q1,105.88,,
ESTAT:TIPSHO40(1.0),07/04/26 11:00:00,Quarterly,"Quarterly index, 2015=100",Poland,2011-Q2,106.57,,
ESTAT:TIPSHO40(1.0),07/04/26 11:00:00,Quarterly,"Quarterly index, 2015=100",Poland,2011-Q3,105.41,,
ESTAT:TIPSHO40(1.0),07/04/26 11:00:00,Quarterly,"Quarterly index, 2015=100",Poland,2011-Q4,104.92,,
ESTAT:TIPSHO40(1.0),07/04/26 11:00:00,Quarterly,"Quarterly index, 2015=100",Poland,2012-Q1,103.50,,
ESTAT:TIPSHO40(1.0),07/04/26 11:00:00,Quarterly,"Quarterly index, 2015=100",Poland,2012-Q2,102.82,,
ESTAT:TIPSHO40(1.0),07/04/26 11:00:00,Quarterly,"Quarterly index, 2015=100",Poland,2012-Q3,101.41,,
ESTAT:TIPSHO40(1.0),07/04/26 11:00:00,Quarterly,"Quarterly index, 2015=100",Poland,2012-Q4,100.29,,
ESTAT:TIPSHO40(1.0),07/04/26 11:00:00,Quarterly,"Quarterly index, 2015=100",Poland,2013-Q1,97.70,,
ESTAT:TIPSHO40(1.0),07/04/26 11:00:00,Quarterly,"Quarterly index, 2015=100",Poland,2013-Q2,97.52,,
ESTAT:TIPSHO40(1.0),07/04/26 11:00:00,Quarterly,"Quarterly index, 2015=100",Poland,2013-Q3,97.43,,
ESTAT:TIPSHO40(1.0),07/04/26 11:00:00,Quarterly,"Quarterly index, 2015=100",Poland,2013-Q4,97.49,,
ESTAT:TIPSHO40(1.0),07/04/26 11:00:00,Quarterly,"Quarterly index, 2015=100",Poland,2014-Q1,97.15,,
ESTAT:TIPSHO40(1.0),07/04/26 11:00:00,Quarterly,"Quarterly index, 2015=100",Poland,2014-Q2,99.30,,
ESTAT:TIPSHO40(1.0),07/04/26 11:00:00,Quarterly,"Quarterly index, 2015=100",Poland,2014-Q3,98.66,,
ESTAT:TIPSHO40(1.0),07/04/26 11:00:00,Quarterly,"Quarterly index, 2015=100",Poland,2014-Q4,98.89,,
ESTAT:TIPSHO40(1.0),07/04/26 11:00:00,Quarterly,"Quarterly index, 2015=100",Poland,2015-Q1,99.06,,
ESTAT:TIPSHO40(1.0),07/04/26 11:00:00,Quarterly,"Quarterly index, 2015=100",Poland,2015-Q2,100.43,,
ESTAT:TIPSHO40(1.0),07/04/26 11:00:00,Quarterly,"Quarterly index, 2015=100",Poland,2015-Q3,100.63,,
ESTAT:TIPSHO40(1.0),07/04/26 11:00:00,Quarterly,"Quarterly index, 2015=100",Poland,2015-Q4,99.88,,
ESTAT:TIPSHO40(1.0),07/04/26 11:00:00,Quarterly,"Quarterly index, 2015=100",Poland,2016-Q1,100.00,,
ESTAT:TIPSHO40(1.0),07/04/26 11:00:00,Quarterly,"Quarterly index, 2015=100",Poland,2016-Q2,100.84,,
ESTAT:TIPSHO40(1.0),07/04/26 11:00:00,Quarterly,"Quarterly index, 2015=100",Poland,2016-Q3,102.73,,
ESTAT:TIPSHO40(1.0),07/04/26 11:00:00,Quarterly,"Quarterly index, 2015=100",Poland,2016-Q4,103.86,,
ESTAT:TIPSHO40(1.0),07/04/26 11:00:00,Quarterly,"Quarterly index, 2015=100",Poland,2017-Q1,103.33,,
ESTAT:TIPSHO40(1.0),07/04/26 11:00:00,Quarterly,"Quarterly index, 2015=100",Poland,2017-Q2,105.44,,
ESTAT:TIPSHO40(1.0),07/04/26 11:00:00,Quarterly,"Quarterly index, 2015=100",Poland,2017-Q3,106.50,,
ESTAT:TIPSHO40(1.0),07/04/26 11:00:00,Quarterly,"Quarterly index, 2015=100",Poland,2017-Q4,107.86,,
ESTAT:TIPSHO40(1.0),07/04/26 11:00:00,Quarterly,"Quarterly index, 2015=100",Poland,2018-Q1,109.48,,
ESTAT:TIPSHO40(1.0),07/04/26 11:00:00,Quarterly,"Quarterly index, 2015=100",Poland,2018-Q2,111.95,,
ESTAT:TIPSHO40(1.0),07/04/26 11:00:00,Quarterly,"Quarterly index, 2015=100",Poland,2018-Q3,113.43,,
ESTAT:TIPSHO40(1.0),07/04/26 11:00:00,Quarterly,"Quarterly index, 2015=100",Poland,2018-Q4,116.11,,
ESTAT:TIPSHO40(1.0),07/04/26 11:00:00,Quarterly,"Quarterly index, 2015=100",Poland,2019-Q1,118.34,,
ESTAT:TIPSHO40(1.0),07/04/26 11:00:00,Quarterly,"Quarterly index, 2015=100",Poland,2019-Q2,121.10,,
ESTAT:TIPSHO40(1.0),07/04/26 11:00:00,Quarterly,"Quarterly index, 2015=100",Poland,2019-Q3,123.59,,
ESTAT:TIPSHO40(1.0),07/04/26 11:00:00,Quarterly,"Quarterly index, 2015=100",Poland,2019-Q4,127.06,,
ESTAT:TIPSHO40(1.0),07/04/26 11:00:00,Quarterly,"Quarterly index, 2015=100",Poland,2020-Q1,131.66,,
ESTAT:TIPSHO40(1.0),07/04/26 11:00:00,Quarterly,"Quarterly index, 2015=100",Poland,2020-Q2,134.31,,
ESTAT:TIPSHO40(1.0),07/04/26 11:00:00,Quarterly,"Quarterly index, 2015=100",Poland,2020-Q3,137.06,,
ESTAT:TIPSHO40(1.0),07/04/26 11:00:00,Quarterly,"Quarterly index, 2015=100",Poland,2020-Q4,138.42,,
ESTAT:TIPSHO40(1.0),07/04/26 11:00:00,Quarterly,"Quarterly index, 2015=100",Poland,2021-Q1,141.16,,
ESTAT:TIPSHO40(1.0),07/04/26 11:00:00,Quarterly,"Quarterly index, 2015=100",Poland,2021-Q2,145.50,,
ESTAT:TIPSHO40(1.0),07/04/26 11:00:00,Quarterly,"Quarterly index, 2015=100",Poland,2021-Q3,149.28,,
ESTAT:TIPSHO40(1.0),07/04/26 11:00:00,Quarterly,"Quarterly index, 2015=100",Poland,2021-Q4,155.15,,
ESTAT:TIPSHO40(1.0),07/04/26 11:00:00,Quarterly,"Quarterly index, 2015=100",Poland,2022-Q1,160.30,,
ESTAT:TIPSHO40(1.0),07/04/26 11:00:00,Quarterly,"Quarterly index, 2015=100",Poland,2022-Q2,163.50,,
ESTAT:TIPSHO40(1.0),07/04/26 11:00:00,Quarterly,"Quarterly index, 2015=100",Poland,2022-Q3,167.38,,
ESTAT:TIPSHO40(1.0),07/04/26 11:00:00,Quarterly,"Quarterly index, 2015=100",Poland,2022-Q4,169.64,,
ESTAT:TIPSHO40(1.0),07/04/26 11:00:00,Quarterly,"Quarterly index, 2015=100",Poland,2023-Q1,169.52,,
ESTAT:TIPSHO40(1.0),07/04/26 11:00:00,Quarterly,"Quarterly index, 2015=100",Poland,2023-Q2,175.00,,
ESTAT:TIPSHO40(1.0),07/04/26 11:00:00,Quarterly,"Quarterly index, 2015=100",Poland,2023-Q3,182.88,,
ESTAT:TIPSHO40(1.0),07/04/26 11:00:00,Quarterly,"Quarterly index, 2015=100",Poland,2023-Q4,191.72,,
ESTAT:TIPSHO40(1.0),07/04/26 11:00:00,Quarterly,"Quarterly index, 2015=100",Poland,2024-Q1,200.04,,
ESTAT:TIPSHO40(1.0),07/04/26 11:00:00,Quarterly,"Quarterly index, 2015=100",Poland,2024-Q2,205.92,,
ESTAT:TIPSHO40(1.0),07/04/26 11:00:00,Quarterly,"Quarterly index, 2015=100",Poland,2024-Q3,209.20,,
ESTAT:TIPSHO40(1.0),07/04/26 11:00:00,Quarterly,"Quarterly index, 2015=100",Poland,2024-Q4,211.65,,
ESTAT:TIPSHO40(1.0),07/04/26 11:00:00,Quarterly,"Quarterly index, 2015=100",Poland,2025-Q1,213.20,,
ESTAT:TIPSHO40(1.0),07/04/26 11:00:00,Quarterly,"Quarterly index, 2015=100",Poland,2025-Q2,215.66,,
ESTAT:TIPSHO40(1.0),07/04/26 11:00:00,Quarterly,"Quarterly index, 2015=100",Poland,2025-Q3,217.54,,
ESTAT:TIPSHO40(1.0),07/04/26 11:00:00,Quarterly,"Quarterly index, 2015=100",Poland,2025-Q4,220.82,,
