DATAFLOW,LAST UPDATE,freq,unit,coicop,geo,TIME_PERIOD,OBS_VALUE,OBS_FLAG,CONF_STATUS
ESTAT:PRC_HICP_MANR(1.0),06/02/26 23:00:00,Monthly,Annual rate of change,All-items HICP,Poland,1997-01,17.7,d,
ESTAT:PRC_HICP_MANR(1.0),06/02/26 23:00:00,Monthly,Annual rate of change,All-items HICP,Poland,1997-02,17.4,d,
ESTAT:PRC_HICP_MANR(1.0),06/02/26 23:00:00,Monthly,Annual rate of change,All-items HICP,Poland,1997-03,16.5,d,
ESTAT:PRC_HICP_MANR(1.0),06/02/26 23:00:00,Monthly,Annual rate of change,All-items HICP,Poland,1997-04,15.3,d,
ESTAT:PRC_HICP_MANR(1.0),06/02/26 23:00:00,Monthly,Annual rate of change,All-items HICP,Poland,1997-05,14.4,d,
ESTAT:PRC_HICP_MANR(1.0),06/02/26 23:00:00,Monthly,Annual rate of change,All-items HICP,Poland,1997-06,15.4,d,
ESTAT:PRC_HICP_MANR(1.0),06/02/26 23:00:00,Monthly,Annual rate of change,All-items HICP,Poland,1997-07,15.1,d,
ESTAT:PRC_HICP_MANR(1.0),06/02/26 23:00:00,Monthly,Annual rate of change,All-items HICP,Poland,1997-08,15.1,d,
ESTAT:PRC_HICP_MANR(1.0),06/02/26 23:00:00,Monthly,Annual rate of change,All-items HICP,Poland,1997-09,13.9,d,
ESTAT:PRC_HICP_MANR(1.0),06/02/26 23:00:00,Monthly,Annual rate of change,All-items HICP,Poland,1997-10,13.3,d,
ESTAT:PRC_HICP_MANR(1.0),06/02/26 23:00:00,Monthly,Annual rate of change,All-items HICP,Poland,1997-11,13.1,d,
ESTAT:PRC_HICP_MANR(1.0),06/02/26 23:00:00,Monthly,Annual rate of change,All-items HICP,Poland,1997-12,13.2,d,
ESTAT:PRC_HICP_MANR(1.0),06/02/26 23:00:00,Monthly,Annual rate of change,All-items HICP,Poland,1998-01,13.6,d,
ESTAT:PRC_HICP_MANR(1.0),06/02/26 23:00:00,Monthly,Annual rate of change,All-items HICP,Poland,1998-02,14.3,d,
ESTAT:PRC_HICP_MANR(1.0),06/02/26 23:00:00,Monthly,Annual rate of change,All-items HICP,Poland,1998-03,14.0,d,
ESTAT:PRC_HICP_MANR(1.0),06/02/26 23:00:00,Monthly,Annual rate of change,All-items HICP,Poland,1998-04,13.6,d,
ESTAT:PRC_HICP_MANR(1.0),06/02/26 23:00:00,Monthly,Annual rate of change,All-items HICP,Poland,1998-05,13.5,d,
ESTAT:PRC_HICP_MANR(1.0),06/02/26 23:00:00,Monthly,Annual rate of change,All-items HICP,Poland,1998-06,12.0,d,
ESTAT:PRC_HICP_MANR(1.0),06/02/26 23:00:00,Monthly,Annual rate of change,All-items HICP,Poland,1998-07,11.8,d,
ESTAT:PRC_HICP_MANR(1.0),06/02/26 23:00:00,Monthly,Annual rate of change,All-items HICP,Poland,1998-08,11.0,d,
ESTAT:PRC_HICP_MANR(1.0),06/02/26 23:00:00,Monthly,Annual rate of change,All-items HICP,Poland,1998-09,10.6,d,
ESTAT:PRC_HICP_MANR(1.0),06/02/26 23:00:00,Monthly,Annual rate of change,All-items HICP,Poland,1998-10,9.9,d,
ESTAT:PRC_HICP_MANR(1.0),06/02/26 23:00:00,Monthly,Annual rate of change,All-items HICP,Poland,1998-11,9.4,d,
ESTAT:PRC_HICP_MANR(1.0),06/02/26 23:00:00,Monthly,Annual rate of change,All-items HICP,Poland,1998-12,8.6,d,
ESTAT:PRC_HICP_MANR(1.0),06/02/26 23:00:00,Monthly,Annual rate of change,All-items HICP,Poland,1999-01,6.8,d,
ESTAT:PRC_HICP_MANR(1.0),06/02/26 23:00:00,Monthly,Annual rate of change,All-items HICP,Poland,1999-02,5.5,d,
ESTAT:PRC_HICP_MANR(1.0),06/02/26 23:00:00,Monthly,Annual rate of change,All-items HICP,Poland,1999-03,6.1,d,
ESTAT:PRC_HICP_MANR(1.0),06/02/26 23:00:00,Monthly,Annual rate of change,All-items HICP,Poland,1999-04,6.2,d,
ESTAT:PRC_HICP_MANR(1.0),06/02/26 23:00:00,Monthly,Annual rate of change,All-items HICP,Poland,1999-05,6.4,d,
ESTAT:PRC_HICP_MANR(1.0),06/02/26 23:00:00,Monthly,Annual rate of change,All-items HICP,Poland,1999-06,6.2,d,
ESTAT:PRC_HICP_MANR(1.0),06/02/26 23:00:00,Monthly,Annual rate of change,All-items HICP,Poland,1999-07,6.0,d,
ESTAT:PRC_HICP_MANR(1.0),06/02/26 23:00:00,Monthly,Annual rate of change,All-items HICP,Poland,1999-08,7.1,d,
ESTAT:PRC_HICP_MANR(1.0),06/02/26 23:00:00,Monthly,Annual rate of change,All-items HICP,Poland,1999-09,7.9,d,
ESTAT:PRC_HICP_MANR(1.0),06/02/26 23:00:00,Monthly,Annual rate of change,All-items HICP,Poland,1999-10,8.7,d,
ESTAT:PRC_HICP_MANR(1.0),06/02/26 23:00:00,Monthly,Annual rate of change,All-items HICP,Poland,1999-11,9.1,d,
ESTAT:PRC_HICP_MANR(1.0),06/02/26 23:00:00,Monthly,Annual rate of change,All-items HICP,Poland,1999-12,9.8,d,
ESTAT:PRC_HICP_MANR(1.0),06/02/26 23:00:00,Monthly,Annual rate of change,All-items HICP,Poland,2000-01,10.1,,
ESTAT:PRC_HICP_MANR(1.0),06/02/26 23:00:00,Monthly,Annual rate of change,All-items HICP,Poland,2000-02,10.5,,
ESTAT:PRC_HICP_MANR(1.0),06/02/26 23:00:00,Monthly,Annual rate of change,All-items HICP,Poland,2000-03,10.3,,
ESTAT:PRC_HICP_MANR(1.0),06/02/26 23:00:00,Monthly,Annual rate of change,All-items HICP,Poland,2000-04,9.9,,
ESTAT:PRC_HICP_MANR(1.0),06/02/26 23:00:00,Monthly,Annual rate of change,All-items HICP,Poland,2000-05,9.8,,
ESTAT:PRC_HICP_MANR(1.0),06/02/26 23:00:00,Monthly,Annual rate of change,All-items HICP,Poland,2000-06,10.6,,
ESTAT:PRC_HICP_MANR(1.0),06/02/26 23:00:00,Monthly,Annual rate of change,All-items HICP,Poland,2000-07,11.6,,
ESTAT:PRC_HICP_MANR(1.0),06/02/26 23:00:00,Monthly,Annual rate of change,All-items HICP,Poland,2000-08,10.7,,
ESTAT:PRC_HICP_MANR(1.0),06/02/26 23:00:00,Monthly,Annual rate of change,All-items HICP,Poland,2000-09,10.2,,
ESTAT:PRC_HICP_MANR(1.0),06/02/26 23:00:00,Monthly,Annual rate of change,All-items HICP,Poland,2000-10,9.8,,
ESTAT:PRC_HICP_MANR(1.0),06/02/26 23:00:00,Monthly,Annual rate of change,All-items HICP,Poland,2000-11,9.1,,
ESTAT:PRC_HICP_MANR(1.0),06/02/26 23:00:00,Monthly,Annual rate of change,All-items HICP,Poland,2000-12,8.4,,
ESTAT:PRC_HICP_MANR(1.0),06/02/26 23:00:00,Monthly,Annual rate of change,All-items HICP,Poland,2001-01,7.4,,
ESTAT:PRC_HICP_MANR(1.0),06/02/26 23:00:00,Monthly,Annual rate of change,All-items HICP,Poland,2001-02,6.5,,
ESTAT:PRC_HICP_MANR(1.0),06/02/26 23:00:00,Monthly,Annual rate of change,All-items HICP,Poland,2001-03,6.1,,
ESTAT:PRC_HICP_MANR(1.0),06/02/26 23:00:00,Monthly,Annual rate of change,All-items HICP,Poland,2001-04,6.5,,
ESTAT:PRC_HICP_MANR(1.0),06/02/26 23:00:00,Monthly,Annual rate of change,All-items HICP,Poland,2001-05,7.2,,
ESTAT:PRC_HICP_MANR(1.0),06/02/26 23:00:00,Monthly,Annual rate of change,All-items HICP,Poland,2001-06,6.1,,
ESTAT:PRC_HICP_MANR(1.0),06/02/26 23:00:00,Monthly,Annual rate of change,All-items HICP,Poland,2001-07,5.0,,
ESTAT:PRC_HICP_MANR(1.0),06/02/26 23:00:00,Monthly,Annual rate of change,All-items HICP,Poland,2001-08,4.7,,
ESTAT:PRC_HICP_MANR(1.0),06/02/26 23:00:00,Monthly,Annual rate of change,All-items HICP,Poland,2001-09,4.1,,
ESTAT:PRC_HICP_MANR(1.0),06/02/26 23:00:00,Monthly,Annual rate of change,All-items HICP,Poland,2001-10,3.6,,
ESTAT:PRC_HICP_MANR(1.0),06/02/26 23:00:00,Monthly,Annual rate of change,All-items HICP,Poland,2001-11,3.5,,
ESTAT:PRC_HICP_MANR(1.0),06/02/26 23:00:00,Monthly,Annual rate of change,All-items HICP,Poland,2001-12,3.5,,
ESTAT:PRC_HICP_MANR(1.0),06/02/26 23:00:00,Monthly,Annual rate of change,All-items HICP,Poland,2002-01,3.6,,
ESTAT:PRC_HICP_MANR(1.0),06/02/26 23:00:00,Monthly,Annual rate of change,All-items HICP,Poland,2002-02,3.7,,
ESTAT:PRC_HICP_MANR(1.0),06/02/26 23:00:00,Monthly,Annual rate of change,All-items HICP,Poland,2002-03,3.4,,
ESTAT:PRC_HICP_MANR(1.0),06/02/26 23:00:00,Monthly,Annual rate of change,All-items HICP,Poland,2002-04,3.0,,
ESTAT:PRC_HICP_MANR(1.0),06/02/26 23:00:00,Monthly,Annual rate of change,All-items HICP,Poland,2002-05,1.5,,
ESTAT:PRC_HICP_MANR(1.0),06/02/26 23:00:00,Monthly,Annual rate of change,All-items HICP,Poland,2002-06,1.2,,
ESTAT:PRC_HICP_MANR(1.0),06/02/26 23:00:00,Monthly,Annual rate of change,All-items HICP,Poland,2002-07,1.2,,
ESTAT:PRC_HICP_MANR(1.0),06/02/26 23:00:00,Monthly,Annual rate of change,All-items HICP,Poland,2002-08,1.4,,
ESTAT:PRC_HICP_MANR(1.0),06/02/26 23:00:00,Monthly,Annual rate of change,All-items HICP,Poland,2002-09,1.4,,
ESTAT:PRC_HICP_MANR(1.0),06/02/26 23:00:00,Monthly,Annual rate of change,All-items HICP,Poland,2002-10,1.2,,
ESTAT:PRC_HICP_MANR(1.0),06/02/26 23:00:00,Monthly,Annual rate of change,All-items HICP,Poland,2002-11,1.1,,
ESTAT:PRC_HICP_MANR(1.0),06/02/26 23:00:00,Monthly,Annual rate of change,All-items HICP,Poland,2002-12,0.8,,
ESTAT:PRC_HICP_MANR(1.0),06/02/26 23:00:00,Monthly,Annual rate of change,All-items HICP,Poland,2003-01,0.3,,
ESTAT:PRC_HICP_MANR(1.0),06/02/26 23:00:00,Monthly,Annual rate of change,All-items HICP,Poland,2003-02,0.3,,
ESTAT:PRC_HICP_MANR(1.0),06/02/26 23:00:00,Monthly,Annual rate of change,All-items HICP,Poland,2003-03,0.4,,
ESTAT:PRC_HICP_MANR(1.0),06/02/26 23:00:00,Monthly,Annual rate of change,All-items HICP,Poland,2003-04,0.1,,
ESTAT:PRC_HICP_MANR(1.0),06/02/26 23:00:00,Monthly,Annual rate of change,All-items HICP,Poland,2003-05,0.4,,
ESTAT:PRC_HICP_MANR(1.0),06/02/26 23:00:00,Monthly,Annual rate of change,All-items HICP,Poland,2003-06,0.7,,
ESTAT:PRC_HICP_MANR(1.0),06/02/26 23:00:00,Monthly,Annual rate of change,All-items HICP,Poland,2003-07,0.7,,
ESTAT:PRC_HICP_MANR(1.0),06/02/26 23:00:00,Monthly,Annual rate of change,All-items HICP,Poland,2003-08,0.7,,
ESTAT:PRC_HICP_MANR(1.0),06/02/26 23:00:00,Monthly,Annual rate of change,All-items HICP,Poland,2003-09,0.8,,
ESTAT:PRC_HICP_MANR(1.0),06/02/26 23:00:00,Monthly,Annual rate of change,All-items HICP,Poland,2003-10,1.1,,
ESTAT:PRC_HICP_MANR(1.0),06/02/26 23:00:00,Monthly,Annual rate of change,All-items HICP,Poland,2003-11,1.5,,
ESTAT:PRC_HICP_MANR(1.0),06/02/26 23:00:00,Monthly,Annual rate of change,All-items HICP,Poland,2003-12,1.7,,
ESTAT:PRC_HICP_MANR(1.0),06/02/26 23:00:00,Monthly,Annual rate of change,All-items HICP,Poland,2004-01,1.9,,
ESTAT:PRC_HICP_MANR(1.0),06/02/26 23:00:00,Monthly,Annual rate of change,All-items HICP,Poland,2004-02,1.9,,
ESTAT:PRC_HICP_MANR(1.0),06/02/26 23:00:00,Monthly,Annual rate of change,All-items HICP,Poland,2004-03,1.7,,
ESTAT:PRC_HICP_MANR(1.0),06/02/26 23:00:00,Monthly,Annual rate of change,All-items HICP,Poland,2004-04,2.4,,
ESTAT:PRC_HICP_MANR(1.0),06/02/26 23:00:00,Monthly,Annual rate of change,All-items HICP,Poland,2004-05,3.4,,
ESTAT:PRC_HICP_MANR(1.0),06/02/26 23:00:00,Monthly,Annual rate of change,All-items HICP,Poland,2004-06,4.4,,
ESTAT:PRC_HICP_MANR(1.0),06/02/26 23:00:00,Monthly,Annual rate of change,All-items HICP,Poland,2004-07,4.8,,
ESTAT:PRC_HICP_MANR(1.0),06/02/26 23:00:00,Monthly,Annual rate of change,All-items HICP,Poland,2004-08,4.9,,
ESTAT:PRC_HICP_MANR(1.0),06/02/26 23:00:00,Monthly,Annual rate of change,All-items HICP,Poland,2004-09,4.6,,
ESTAT:PRC_HICP_MANR(1.0),06/02/26 23:00:00,Monthly,Annual rate of change,All-items HICP,Poland,2004-10,4.7,,
ESTAT:PRC_HICP_MANR(1.0),06/02/26 23:00:00,Monthly,Annual rate of change,All-items HICP,Poland,2004-11,4.6,,
ESTAT:PRC_HICP_MANR(1.0),06/02/26 23:00:00,Monthly,Annual rate of change,All-items HICP,Poland,2004-12,4.3,,
ESTAT:PRC_HICP_MANR(1.0),06/02/26 23:00:00,Monthly,Annual rate of change,All-items HICP,Poland,2005-01,3.8,,
ESTAT:PRC_HICP_MANR(1.0),06/02/26 23:00:00,Monthly,Annual rate of change,All-items HICP,Poland,2005-02,3.6,,
ESTAT:PRC_HICP_MANR(1.0),06/02/26 23:00:00,Monthly,Annual rate of change,All-items HICP,Poland,2005-03,3.4,,
ESTAT:PRC_HICP_MANR(1.0),06/02/26 23:00:00,Monthly,Annual rate of change,All-items HICP,Poland,2005-04,3.1,,
ESTAT:PRC_HICP_MANR(1.0),06/02/26 23:00:00,Monthly,Annual rate of change,All-items HICP,Poland,2005-05,2.3,,
ESTAT:PRC_HICP_MANR(1.0),06/02/26 23:00:00,Monthly,Annual rate of change,All-items HICP,Poland,2005-06,1.4,,
ESTAT:PRC_HICP_MANR(1.0),06/02/26 23:00:00,Monthly,Annual rate of change,All-items HICP,Poland,2005-07,1.5,,
ESTAT:PRC_HICP_MANR(1.0),06/02/26 23:00:00,Monthly,Annual rate of change,All-items HICP,Poland,2005-08,1.8,,
ESTAT:PRC_HICP_MANR(1.0),06/02/26 23:00:00,Monthly,Annual rate of change,All-items HICP,Poland,2005-09,1.9,,
ESTAT:PRC_HICP_MANR(1.0),06/02/26 23:00:00,Monthly,Annual rate of change,All-items HICP,Poland,2005-10,1.5,,
ESTAT:PRC_HICP_MANR(1.0),06/02/26 23:00:00,Monthly,Annual rate of change,All-items HICP,Poland,2005-11,1.1,,
ESTAT:PRC_HICP_MANR(1.0),06/02/26 23:00:00,Monthly,Annual rate of change,All-items HICP,Poland,2005-12,0.8,,
ESTAT:PRC_HICP_MANR(1.0),06/02/26 23:00:00,Monthly,Annual rate of change,All-items HICP,Poland,2006-01,0.9,,
ESTAT:PRC_HICP_MANR(1.0),06/02/26 23:00:00,Monthly,Annual rate of change,All-items HICP,Poland,2006-02,0.9,,
ESTAT:PRC_HICP_MANR(1.0),06/02/26 23:00:00,Monthly,Annual rate of change,All-items HICP,Poland,2006-03,1.0,,
ESTAT:PRC_HICP_MANR(1.0),06/02/26 23:00:00,Monthly,Annual rate of change,All-items HICP,Poland,2006-04,1.2,,
ESTAT:PRC_HICP_MANR(1.0),06/02/26 23:00:00,Monthly,Annual rate of change,All-items HICP,Poland,2006-05,1.5,,
ESTAT:PRC_HICP_MANR(1.0),06/02/26 23:00:00,Monthly,Annual rate of change,All-items HICP,Poland,2006-06,1.4,,
ESTAT:PRC_HICP_MANR(1.0),06/02/26 23:00:00,Monthly,Annual rate of change,All-items HICP,Poland,2006-07,1.4,,
ESTAT:PRC_HICP_MANR(1.0),06/02/26 23:00:00,Monthly,Annual rate of change,All-items HICP,Poland,2006-08,1.7,,
ESTAT:PRC_HICP_MANR(1.0),06/02/26 23:00:00,Monthly,Annual rate of change,All-items HICP,Poland,2006-09,1.4,,
ESTAT:PRC_HICP_MANR(1.0),06/02/26 23:00:00,Monthly,Annual rate of change,All-items HICP,Poland,2006-10,1.1,,
ESTAT:PRC_HICP_MANR(1.0),06/02/26 23:00:00,Monthly,Annual rate of change,All-items HICP,Poland,2006-11,1.2,,
ESTAT:PRC_HICP_MANR(1.0),06/02/26 23:00:00,Monthly,Annual rate of change,All-items HICP,Poland,2006-12,1.4,,
ESTAT:PRC_HICP_MANR(1.0),06/02/26 23:00:00,Monthly,Annual rate of change,All-items HICP,Poland,2007-01,1.6,,
ESTAT:PRC_HICP_MANR(1.0),06/02/26 23:00:00,Monthly,Annual rate of change,All-items HICP,Poland,2007-02,2.0,,
ESTAT:PRC_HICP_MANR(1.0),06/02/26 23:00:00,Monthly,Annual rate of change,All-items HICP,Poland,2007-03,2.4,,
ESTAT:PRC_HICP_MANR(1.0),06/02/26 23:00:00,Monthly,Annual rate of change,All-items HICP,Poland,2007-04,2.1,,
ESTAT:PRC_HICP_MANR(1.0),06/02/26 23:00:00,Monthly,Annual rate of change,All-items HICP,Poland,2007-05,2.2,,
ESTAT:PRC_HICP_MANR(1.0),06/02/26 23:00:00,Monthly,Annual rate of change,All-items HICP,Poland,2007-06,2.6,,
ESTAT:PRC_HICP_MANR(1.0),06/02/26 23:00:00,Monthly,Annual rate of change,All-items HICP,Poland,2007-07,2.5,,
ESTAT:PRC_HICP_MANR(1.0),06/02/26 23:00:00,Monthly,Annual rate of change,All-items HICP,Poland,2007-08,2.0,,
ESTAT:PRC_HICP_MANR(1.0),06/02/26 23:00:00,Monthly,Annual rate of change,All-items HICP,Poland,2007-09,2.7,,
ESTAT:PRC_HICP_MANR(1.0),06/02/26 23:00:00,Monthly,Annual rate of change,All-items HICP,Poland,2007-10,3.2,,
ESTAT:PRC_HICP_MANR(1.0),06/02/26 23:00:00,Monthly,Annual rate of change,All-items HICP,Poland,2007-11,3.8,,
ESTAT:PRC_HICP_MANR(1.0),06/02/26 23:00:00,Monthly,Annual rate of change,All-items HICP,Poland,2007-12,4.3,,
ESTAT:PRC_HICP_MANR(1.0),06/02/26 23:00:00,Monthly,Annual rate of change,All-items HICP,Poland,2008-01,4.4,,
ESTAT:PRC_HICP_MANR(1.0),06/02/26 23:00:00,Monthly,Annual rate of change,All-items HICP,Poland,2008-02,4.5,,
ESTAT:PRC_HICP_MANR(1.0),06/02/26 23:00:00,Monthly,Annual rate of change,All-items HICP,Poland,2008-03,4.4,,
ESTAT:PRC_HICP_MANR(1.0),06/02/26 23:00:00,Monthly,Annual rate of change,All-items HICP,Poland,2008-04,4.2,,
ESTAT:PRC_HICP_MANR(1.0),06/02/26 23:00:00,Monthly,Annual rate of change,All-items HICP,Poland,2008-05,4.3,,
ESTAT:PRC_HICP_MANR(1.0),06/02/26 23:00:00,Monthly,Annual rate of change,All-items HICP,Poland,2008-06,4.4,,
ESTAT:PRC_HICP_MANR(1.0),06/02/26 23:00:00,Monthly,Annual rate of change,All-items HICP,Poland,2008-07,4.6,,
ESTAT:PRC_HICP_MANR(1.0),06/02/26 23:00:00,Monthly,Annual rate of change,All-items HICP,Poland,2008-08,4.4,,
ESTAT:PRC_HICP_MANR(1.0),06/02/26 23:00:00,Monthly,Annual rate of change,All-items HICP,Poland,2008-09,4.1,,
ESTAT:PRC_HICP_MANR(1.0),06/02/26 23:00:00,Monthly,Annual rate of change,All-items HICP,Poland,2008-10,3.9,,
ESTAT:PRC_HICP_MANR(1.0),06/02/26 23:00:00,Monthly,Annual rate of change,All-items HICP,Poland,2008-11,3.5,,
ESTAT:PRC_HICP_MANR(1.0),06/02/26 23:00:00,Monthly,Annual rate of change,All-items HICP,Poland,2008-12,3.3,,
ESTAT:PRC_HICP_MANR(1.0),06/02/26 23:00:00,Monthly,Annual rate of change,All-items HICP,Poland,2009-01,3.2,,
ESTAT:PRC_HICP_MANR(1.0),06/02/26 23:00:00,Monthly,Annual rate of change,All-items HICP,Poland,2009-02,3.6,,
ESTAT:PRC_HICP_MANR(1.0),06/02/26 23:00:00,Monthly,Annual rate of change,All-items HICP,Poland,2009-03,4.1,,
ESTAT:PRC_HICP_MANR(1.0),06/02/26 23:00:00,Monthly,Annual rate of change,All-items HICP,Poland,2009-04,4.4,,
ESTAT:PRC_HICP_MANR(1.0),06/02/26 23:00:00,Monthly,Annual rate of change,All-items HICP,Poland,2009-05,4.3,,
ESTAT:PRC_HICP_MANR(1.0),06/02/26 23:00:00,Monthly,Annual rate of change,All-items HICP,Poland,2009-06,4.2,,
ESTAT:PRC_HICP_MANR(1.0),06/02/26 23:00:00,Monthly,Annual rate of change,All-items HICP,Poland,2009-07,4.5,,
ESTAT:PRC_HICP_MANR(1.0),06/02/26 23:00:00,Monthly,Annual rate of change,All-items HICP,Poland,2009-08,4.4,,
ESTAT:PRC_HICP_MANR(1.0),06/02/26 23:00:00,Monthly,Annual rate of change,All-items HICP,Poland,2009-09,4.0,,
ESTAT:PRC_HICP_MANR(1.0),06/02/26 23:00:00,Monthly,Annual rate of change,All-items HICP,Poland,2009-10,3.8,,
ESTAT:PRC_HICP_MANR(1.0),06/02/26 23:00:00,Monthly,Annual rate of change,All-items HICP,Poland,2009-11,3.9,,
ESTAT:PRC_HICP_MANR(1.0),06/02/26 23:00:00,Monthly,Annual rate of change,All-items HICP,Poland,2009-12,3.9,,
ESTAT:PRC_HICP_MANR(1.0),06/02/26 23:00:00,Monthly,Annual rate of change,All-items HICP,Poland,2010-01,4.0,,
ESTAT:PRC_HICP_MANR(1.0),06/02/26 23:00:00,Monthly,Annual rate of change,All-items HICP,Poland,2010-02,3.4,,
ESTAT:PRC_HICP_MANR(1.0),06/02/26 23:00:00,Monthly,Annual rate of change,All-items HICP,Poland,2010-03,2.8,,
ESTAT:PRC_HICP_MANR(1.0),06/02/26 23:00:00,Monthly,Annual rate of change,All-items HICP,Poland,2010-04,2.6,,
ESTAT:PRC_HICP_MANR(1.0),06/02/26 23:00:00,Monthly,Annual rate of change,All-items HICP,Poland,2010-05,2.3,,
ESTAT:PRC_HICP_MANR(1.0),06/02/26 23:00:00,Monthly,Annual rate of change,All-items HICP,Poland,2010-06,2.3,,
ESTAT:PRC_HICP_MANR(1.0),06/02/26 23:00:00,Monthly,Annual rate of change,All-items HICP,Poland,2010-07,2.0,,
ESTAT:PRC_HICP_MANR(1.0),06/02/26 23:00:00,Monthly,Annual rate of change,All-items HICP,Poland,2010-08,1.9,,
ESTAT:PRC_HICP_MANR(1.0),06/02/26 23:00:00,Monthly,Annual rate of change,All-items HICP,Poland,2010-09,2.4,,
ESTAT:PRC_HICP_MANR(1.0),06/02/26 23:00:00,Monthly,Annual rate of change,All-items HICP,Poland,2010-10,2.8,,
ESTAT:PRC_HICP_MANR(1.0),06/02/26 23:00:00,Monthly,Annual rate of change,All-items HICP,Poland,2010-11,2.5,,
ESTAT:PRC_HICP_MANR(1.0),06/02/26 23:00:00,Monthly,Annual rate of change,All-items HICP,Poland,2010-12,2.9,,
ESTAT:PRC_HICP_MANR(1.0),06/02/26 23:00:00,Monthly,Annual rate of change,All-items HICP,Poland,2011-01,3.5,,
ESTAT:PRC_HICP_MANR(1.0),06/02/26 23:00:00,Monthly,Annual rate of change,All-items HICP,Poland,2011-02,3.4,,
ESTAT:PRC_HICP_MANR(1.0),06/02/26 23:00:00,Monthly,Annual rate of change,All-items HICP,Poland,2011-03,4.0,,
ESTAT:PRC_HICP_MANR(1.0),06/02/26 23:00:00,Monthly,Annual rate of change,All-items HICP,Poland,2011-04,4.1,,
ESTAT:PRC_HICP_MANR(1.0),06/02/26 23:00:00,Monthly,Annual rate of change,All-items HICP,Poland,2011-05,4.3,,
ESTAT:PRC_HICP_MANR(1.0),06/02/26 23:00:00,Monthly,Annual rate of change,All-items HICP,Poland,2011-06,3.7,,
ESTAT:PRC_HICP_MANR(1.0),06/02/26 23:00:00,Monthly,Annual rate of change,All-items HICP,Poland,2011-07,3.6,,
ESTAT:PRC_HICP_MANR(1.0),06/02/26 23:00:00,Monthly,Annual rate of change,All-items HICP,Poland,2011-08,4.0,,
ESTAT:PRC_HICP_MANR(1.0),06/02/26 23:00:00,Monthly,Annual rate of change,All-items HICP,Poland,2011-09,3.4,,
ESTAT:PRC_HICP_MANR(1.0),06/02/26 23:00:00,Monthly,Annual rate of change,All-items HICP,Poland,2011-10,3.8,,
ESTAT:PRC_HICP_MANR(1.0),06/02/26 23:00:00,Monthly,Annual rate of change,All-items HICP,Poland,2011-11,4.4,,
ESTAT:PRC_HICP_MANR(1.0),06/02/26 23:00:00,Monthly,Annual rate of change,All-items HICP,Poland,2011-12,4.6,,
ESTAT:PRC_HICP_MANR(1.0),06/02/26 23:00:00,Monthly,Annual rate of change,All-items HICP,Poland,2012-01,4.1,,
ESTAT:PRC_HICP_MANR(1.0),06/02/26 23:00:00,Monthly,Annual rate of change,All-items HICP,Poland,2012-02,4.3,,
ESTAT:PRC_HICP_MANR(1.0),06/02/26 23:00:00,Monthly,Annual rate of change,All-items HICP,Poland,2012-03,4.0,,
ESTAT:PRC_HICP_MANR(1.0),06/02/26 23:00:00,Monthly,Annual rate of change,All-items HICP,Poland,2012-04,4.0,,
ESTAT:PRC_HICP_MANR(1.0),06/02/26 23:00:00,Monthly,Annual rate of change,All-items HICP,Poland,2012-05,3.6,,
ESTAT:PRC_HICP_MANR(1.0),06/02/26 23:00:00,Monthly,Annual rate of change,All-items HICP,Poland,2012-06,4.3,,
ESTAT:PRC_HICP_MANR(1.0),06/02/26 23:00:00,Monthly,Annual rate of change,All-items HICP,Poland,2012-07,4.1,,
ESTAT:PRC_HICP_MANR(1.0),06/02/26 23:00:00,Monthly,Annual rate of change,All-items HICP,Poland,2012-08,3.9,,
ESTAT:PRC_HICP_MANR(1.0),06/02/26 23:00:00,Monthly,Annual rate of change,All-items HICP,Poland,2012-09,3.9,,
ESTAT:PRC_HICP_MANR(1.0),06/02/26 23:00:00,Monthly,Annual rate of change,All-items HICP,Poland,2012-10,3.4,,
ESTAT:PRC_HICP_MANR(1.0),06/02/26 23:00:00,Monthly,Annual rate of change,All-items HICP,Poland,2012-11,2.7,,
ESTAT:PRC_HICP_MANR(1.0),06/02/26 23:00:00,Monthly,Annual rate of change,All-items HICP,Poland,2012-12,2.1,,
ESTAT:PRC_HICP_MANR(1.0),06/02/26 23:00:00,Monthly,Annual rate of change,All-items HICP,Poland,2013-01,1.6,,
ESTAT:PRC_HICP_MANR(1.0),06/02/26 23:00:00,Monthly,Annual rate of change,All-items HICP,Poland,2013-02,1.2,,
ESTAT:PRC_HICP_MANR(1.0),06/02/26 23:00:00,Monthly,Annual rate of change,All-items HICP,Poland,2013-03,1.0,,
ESTAT:PRC_HICP_MANR(1.0),06/02/26 23:00:00,Monthly,Annual rate of change,All-items HICP,Poland,2013-04,0.8,,
ESTAT:PRC_HICP_MANR(1.0),06/02/26 23:00:00,Monthly,Annual rate of change,All-items HICP,Poland,2013-05,0.5,,
ESTAT:PRC_HICP_MANR(1.0),06/02/26 23:00:00,Monthly,Annual rate of change,All-items HICP,Poland,2013-06,0.3,,
ESTAT:PRC_HICP_MANR(1.0),06/02/26 23:00:00,Monthly,Annual rate of change,All-items HICP,Poland,2013-07,0.9,,
ESTAT:PRC_HICP_MANR(1.0),06/02/26 23:00:00,Monthly,Annual rate of change,All-items HICP,Poland,2013-08,0.8,,
ESTAT:PRC_HICP_MANR(1.0),06/02/26 23:00:00,Monthly,Annual rate of change,All-items HICP,Poland,2013-09,0.9,,
ESTAT:PRC_HICP_MANR(1.0),06/02/26 23:00:00,Monthly,Annual rate of change,All-items HICP,Poland,2013-10,0.7,,
ESTAT:PRC_HICP_MANR(1.0),06/02/26 23:00:00,Monthly,Annual rate of change,All-items HICP,Poland,2013-11,0.5,,
ESTAT:PRC_HICP_MANR(1.0),06/02/26 23:00:00,Monthly,Annual rate of change,All-items HICP,Poland,2013-12,0.6,,
ESTAT:PRC_HICP_MANR(1.0),06/02/26 23:00:00,Monthly,Annual rate of change,All-items HICP,Poland,2014-01,0.6,,
ESTAT:PRC_HICP_MANR(1.0),06/02/26 23:00:00,Monthly,Annual rate of change,All-items HICP,Poland,2014-02,0.7,,
ESTAT:PRC_HICP_MANR(1.0),06/02/26 23:00:00,Monthly,Annual rate of change,All-items HICP,Poland,2014-03,0.6,,
ESTAT:PRC_HICP_MANR(1.0),06/02/26 23:00:00,Monthly,Annual rate of change,All-items HICP,Poland,2014-04,0.3,,
ESTAT:PRC_HICP_MANR(1.0),06/02/26 23:00:00,Monthly,Annual rate of change,All-items HICP,Poland,2014-05,0.3,,
ESTAT:PRC_HICP_MANR(1.0),06/02/26 23:00:00,Monthly,Annual rate of change,All-items HICP,Poland,2014-06,0.3,,
ESTAT:PRC_HICP_MANR(1.0),06/02/26 23:00:00,Monthly,Annual rate of change,All-items HICP,Poland,2014-07,-0.1,,
ESTAT:PRC_HICP_MANR(1.0),06/02/26 23:00:00,Monthly,Annual rate of change,All-items HICP,Poland,2014-08,-0.1,,
ESTAT:PRC_HICP_MANR(1.0),06/02/26 23:00:00,Monthly,Annual rate of change,All-items HICP,Poland,2014-09,-0.3,,
ESTAT:PRC_HICP_MANR(1.0),06/02/26 23:00:00,Monthly,Annual rate of change,All-items HICP,Poland,2014-10,-0.3,,
ESTAT:PRC_HICP_MANR(1.0),06/02/26 23:00:00,Monthly,Annual rate of change,All-items HICP,Poland,2014-11,-0.3,,
ESTAT:PRC_HICP_MANR(1.0),06/02/26 23:00:00,Monthly,Annual rate of change,All-items HICP,Poland,2014-12,-0.7,,
ESTAT:PRC_HICP_MANR(1.0),06/02/26 23:00:00,Monthly,Annual rate of change,All-items HICP,Poland,2015-01,-1.1,,
ESTAT:PRC_HICP_MANR(1.0),06/02/26 23:00:00,Monthly,Annual rate of change,All-items HICP,Poland,2015-02,-1.3,,
ESTAT:PRC_HICP_MANR(1.0),06/02/26 23:00:00,Monthly,Annual rate of change,All-items HICP,Poland,2015-03,-1.2,,
ESTAT:PRC_HICP_MANR(1.0),06/02/26 23:00:00,Monthly,Annual rate of change,All-items HICP,Poland,2015-04,-0.8,,
ESTAT:PRC_HICP_MANR(1.0),06/02/26 23:00:00,Monthly,Annual rate of change,All-items HICP,Poland,2015-05,-0.6,,
ESTAT:PRC_HICP_MANR(1.0),06/02/26 23:00:00,Monthly,Annual rate of change,All-items HICP,Poland,2015-06,-0.5,,
ESTAT:PRC_HICP_MANR(1.0),06/02/26 23:00:00,Monthly,Annual rate of change,All-items HICP,Poland,2015-07,-0.4,,
ESTAT:PRC_HICP_MANR(1.0),06/02/26 23:00:00,Monthly,Annual rate of change,All-items HICP,Poland,2015-08,-0.4,,
ESTAT:PRC_HICP_MANR(1.0),06/02/26 23:00:00,Monthly,Annual rate of change,All-items HICP,Poland,2015-09,-0.6,,
ESTAT:PRC_HICP_MANR(1.0),06/02/26 23:00:00,Monthly,Annual rate of change,All-items HICP,Poland,2015-10,-0.6,,
ESTAT:PRC_HICP_MANR(1.0),06/02/26 23:00:00,Monthly,Annual rate of change,All-items HICP,Poland,2015-11,-0.5,,
ESTAT:PRC_HICP_MANR(1.0),06/02/26 23:00:00,Monthly,Annual rate of change,All-items HICP,Poland,2015-12,-0.4,,
ESTAT:PRC_HICP_MANR(1.0),06/02/26 23:00:00,Monthly,Annual rate of change,All-items HICP,Poland,2016-01,-0.3,,
ESTAT:PRC_HICP_MANR(1.0),06/02/26 23:00:00,Monthly,Annual rate of change,All-items HICP,Poland,2016-02,-0.2,,
ESTAT:PRC_HICP_MANR(1.0),06/02/26 23:00:00,Monthly,Annual rate of change,All-items HICP,Poland,2016-03,-0.4,,
ESTAT:PRC_HICP_MANR(1.0),06/02/26 23:00:00,Monthly,Annual rate of change,All-items HICP,Poland,2016-04,-0.5,,
ESTAT:PRC_HICP_MANR(1.0),06/02/26 23:00:00,Monthly,Annual rate of change,All-items HICP,Poland,2016-05,-0.4,,
ESTAT:PRC_HICP_MANR(1.0),06/02/26 23:00:00,Monthly,Annual rate of change,All-items HICP,Poland,2016-06,-0.4,,
ESTAT:PRC_HICP_MANR(1.0),06/02/26 23:00:00,Monthly,Annual rate of change,All-items HICP,Poland,2016-07,-0.6,,
ESTAT:PRC_HICP_MANR(1.0),06/02/26 23:00:00,Monthly,Annual rate of change,All-items HICP,Poland,2016-08,-0.5,,
ESTAT:PRC_HICP_MANR(1.0),06/02/26 23:00:00,Monthly,Annual rate of change,All-items HICP,Poland,2016-09,-0.2,,
ESTAT:PRC_HICP_MANR(1.0),06/02/26 23:00:00,Monthly,Annual rate of change,All-items HICP,Poland,2016-10,0.1,,
ESTAT:PRC_HICP_MANR(1.0),06/02/26 23:00:00,Monthly,Annual rate of change,All-items HICP,Poland,2016-11,0.2,,
ESTAT:PRC_HICP_MANR(1.0),06/02/26 23:00:00,Monthly,Annual rate of change,All-items HICP,Poland,2016-12,0.9,,
ESTAT:PRC_HICP_MANR(1.0),06/02/26 23:00:00,Monthly,Annual rate of change,All-items HICP,Poland,2017-01,1.4,,
ESTAT:PRC_HICP_MANR(1.0),06/02/26 23:00:00,Monthly,Annual rate of change,All-items HICP,Poland,2017-02,1.9,,
ESTAT:PRC_HICP_MANR(1.0),06/02/26 23:00:00,Monthly,Annual rate of change,All-items HICP,Poland,2017-03,1.8,,
ESTAT:PRC_HICP_MANR(1.0),06/02/26 23:00:00,Monthly,Annual rate of change,All-items HICP,Poland,2017-04,1.8,,
ESTAT:PRC_HICP_MANR(1.0),06/02/26 23:00:00,Monthly,Annual rate of change,All-items HICP,Poland,2017-05,1.5,,
ESTAT:PRC_HICP_MANR(1.0),06/02/26 23:00:00,Monthly,Annual rate of change,All-items HICP,Poland,2017-06,1.3,,
ESTAT:PRC_HICP_MANR(1.0),06/02/26 23:00:00,Monthly,Annual rate of change,All-items HICP,Poland,2017-07,1.4,,
ESTAT:PRC_HICP_MANR(1.0),06/02/26 23:00:00,Monthly,Annual rate of change,All-items HICP,Poland,2017-08,1.4,,
ESTAT:PRC_HICP_MANR(1.0),06/02/26 23:00:00,Monthly,Annual rate of change,All-items HICP,Poland,2017-09,1.6,,
ESTAT:PRC_HICP_MANR(1.0),06/02/26 23:00:00,Monthly,Annual rate of change,All-items HICP,Poland,2017-10,1.6,,
ESTAT:PRC_HICP_MANR(1.0),06/02/26 23:00:00,Monthly,Annual rate of change,All-items HICP,Poland,2017-11,2.0,,
ESTAT:PRC_HICP_MANR(1.0),06/02/26 23:00:00,Monthly,Annual rate of change,All-items HICP,Poland,2017-12,1.7,,
ESTAT:PRC_HICP_MANR(1.0),06/02/26 23:00:00,Monthly,Annual rate of change,All-items HICP,Poland,2018-01,1.6,,
ESTAT:PRC_HICP_MANR(1.0),06/02/26 23:00:00,Monthly,Annual rate of change,All-items HICP,Poland,2018-02,0.7,,
ESTAT:PRC_HICP_MANR(1.0),06/02/26 23:00:00,Monthly,Annual rate of change,All-items HICP,Poland,2018-03,0.7,,
ESTAT:PRC_HICP_MANR(1.0),06/02/26 23:00:00,Monthly,Annual rate of change,All-items HICP,Poland,2018-04,0.9,,
ESTAT:PRC_HICP_MANR(1.0),06/02/26 23:00:00,Monthly,Annual rate of change,All-items HICP,Poland,2018-05,1.2,,
ESTAT:PRC_HICP_MANR(1.0),06/02/26 23:00:00,Monthly,Annual rate of change,All-items HICP,Poland,2018-06,1.4,,
ESTAT:PRC_HICP_MANR(1.0),06/02/26 23:00:00,Monthly,Annual rate of change,All-items HICP,Poland,2018-07,1.4,,
ESTAT:PRC_HICP_MANR(1.0),06/02/26 23:00:00,Monthly,Annual rate of change,All-items HICP,Poland,2018-08,1.4,,
ESTAT:PRC_HICP_MANR(1.0),06/02/26 23:00:00,Monthly,Annual rate of change,All-items HICP,Poland,2018-09,1.5,,
ESTAT:PRC_HICP_MANR(1.0),06/02/26 23:00:00,Monthly,Annual rate of change,All-items HICP,Poland,2018-10,1.5,,
ESTAT:PRC_HICP_MANR(1.0),06/02/26 23:00:00,Monthly,Annual rate of change,All-items HICP,Poland,2018-11,1.1,,
ESTAT:PRC_HICP_MANR(1.0),06/02/26 23:00:00,Monthly,Annual rate of change,All-items HICP,Poland,2018-12,0.9,,
ESTAT:PRC_HICP_MANR(1.0),06/02/26 23:00:00,Monthly,Annual rate of change,All-items HICP,Poland,2019-01,0.6,,
ESTAT:PRC_HICP_MANR(1.0),06/02/26 23:00:00,Monthly,Annual rate of change,All-items HICP,Poland,2019-02,1.3,,
ESTAT:PRC_HICP_MANR(1.0),06/02/26 23:00:00,Monthly,Annual rate of change,All-items HICP,Poland,2019-03,1.7,,
ESTAT:PRC_HICP_MANR(1.0),06/02/26 23:00:00,Monthly,Annual rate of change,All-items HICP,Poland,2019-04,2.1,,
ESTAT:PRC_HICP_MANR(1.0),06/02/26 23:00:00,Monthly,Annual rate of change,All-items HICP,Poland,2019-05,2.2,,
ESTAT:PRC_HICP_MANR(1.0),06/02/26 23:00:00,Monthly,Annual rate of change,All-items HICP,Poland,2019-06,2.3,,
ESTAT:PRC_HICP_MANR(1.0),06/02/26 23:00:00,Monthly,Annual rate of change,All-items HICP,Poland,2019-07,2.5,,
ESTAT:PRC_HICP_MANR(1.0),06/02/26 23:00:00,Monthly,Annual rate of change,All-items HICP,Poland,2019-08,2.6,,
ESTAT:PRC_HICP_MANR(1.0),06/02/26 23:00:00,Monthly,Annual rate of change,All-items HICP,Poland,2019-09,2.4,,
ESTAT:PRC_HICP_MANR(1.0),06/02/26 23:00:00,Monthly,Annual rate of change,All-items HICP,Poland,2019-10,2.3,,
ESTAT:PRC_HICP_MANR(1.0),06/02/26 23:00:00,Monthly,Annual rate of change,All-items HICP,Poland,2019-11,2.4,,
ESTAT:PRC_HICP_MANR(1.0),06/02/26 23:00:00,Monthly,Annual rate of change,All-items HICP,Poland,2019-12,3.0,,
ESTAT:PRC_HICP_MANR(1.0),06/02/26 23:00:00,Monthly,Annual rate of change,All-items HICP,Poland,2020-01,3.8,,
ESTAT:PRC_HICP_MANR(1.0),06/02/26 23:00:00,Monthly,Annual rate of change,All-items HICP,Poland,2020-02,4.1,,
ESTAT:PRC_HICP_MANR(1.0),06/02/26 23:00:00,Monthly,Annual rate of change,All-items HICP,Poland,2020-03,3.9,,
ESTAT:PRC_HICP_MANR(1.0),06/02/26 23:00:00,Monthly,Annual rate of change,All-items HICP,Poland,2020-04,2.9,,
ESTAT:PRC_HICP_MANR(1.0),06/02/26 23:00:00,Monthly,Annual rate of change,All-items HICP,Poland,2020-05,3.4,,
ESTAT:PRC_HICP_MANR(1.0),06/02/26 23:00:00,Monthly,Annual rate of change,All-items HICP,Poland,2020-06,3.8,,
ESTAT:PRC_HICP_MANR(1.0),06/02/26 23:00:00,Monthly,Annual rate of change,All-items HICP,Poland,2020-07,3.7,,
ESTAT:PRC_HICP_MANR(1.0),06/02/26 23:00:00,Monthly,Annual rate of change,All-items HICP,Poland,2020-08,3.7,,
ESTAT:PRC_HICP_MANR(1.0),06/02/26 23:00:00,Monthly,Annual rate of change,All-items HICP,Poland,2020-09,3.8,,
ESTAT:PRC_HICP_MANR(1.0),06/02/26 23:00:00,Monthly,Annual rate of change,All-items HICP,Poland,2020-10,3.8,,
ESTAT:PRC_HICP_MANR(1.0),06/02/26 23:00:00,Monthly,Annual rate of change,All-items HICP,Poland,2020-11,3.7,,
ESTAT:PRC_HICP_MANR(1.0),06/02/26 23:00:00,Monthly,Annual rate of change,All-items HICP,Poland,2020-12,3.4,,
ESTAT:PRC_HICP_MANR(1.0),06/02/26 23:00:00,Monthly,Annual rate of change,All-items HICP,Poland,2021-01,3.6,,
ESTAT:PRC_HICP_MANR(1.0),06/02/26 23:00:00,Monthly,Annual rate of change,All-items HICP,Poland,2021-02,3.6,,
ESTAT:PRC_HICP_MANR(1.0),06/02/26 23:00:00,Monthly,Annual rate of change,All-items HICP,Poland,2021-03,4.4,,
ESTAT:PRC_HICP_MANR(1.0),06/02/26 23:00:00,Monthly,Annual rate of change,All-items HICP,Poland,2021-04,5.1,,
ESTAT:PRC_HICP_MANR(1.0),06/02/26 23:00:00,Monthly,Annual rate of change,All-items HICP,Poland,2021-05,4.6,,
ESTAT:PRC_HICP_MANR(1.0),06/02/26 23:00:00,Monthly,Annual rate of change,All-items HICP,Poland,2021-06,4.1,,
ESTAT:PRC_HICP_MANR(1.0),06/02/26 23:00:00,Monthly,Annual rate of change,All-items HICP,Poland,2021-07,4.7,,
ESTAT:PRC_HICP_MANR(1.0),06/02/26 23:00:00,Monthly,Annual rate of change,All-items HICP,Poland,2021-08,5.0,,
ESTAT:PRC_HICP_MANR(1.0),06/02/26 23:00:00,Monthly,Annual rate of change,All-items HICP,Poland,2021-09,5.6,,
ESTAT:PRC_HICP_MANR(1.0),06/02/26 23:00:00,Monthly,Annual rate of change,All-items HICP,Poland,2021-10,6.4,,
ESTAT:PRC_HICP_MANR(1.0),06/02/26 23:00:00,Monthly,Annual rate of change,All-items HICP,Poland,2021-11,7.4,,
ESTAT:PRC_HICP_MANR(1.0),06/02/26 23:00:00,Monthly,Annual rate of change,All-items HICP,Poland,2021-12,8.0,,
ESTAT:PRC_HICP_MANR(1.0),06/02/26 23:00:00,Monthly,Annual rate of change,All-items HICP,Poland,2022-01,8.7,,
ESTAT:PRC_HICP_MANR(1.0),06/02/26 23:00:00,Monthly,Annual rate of change,All-items HICP,Poland,2022-02,8.1,,
ESTAT:PRC_HICP_MANR(1.0),06/02/26 23:00:00,Monthly,Annual rate of change,All-items HICP,Poland,2022-03,10.2,,
ESTAT:PRC_HICP_MANR(1.0),06/02/26 23:00:00,Monthly,Annual rate of change,All-items HICP,Poland,2022-04,11.4,,
ESTAT:PRC_HICP_MANR(1.0),06/02/26 23:00:00,Monthly,Annual rate of change,All-items HICP,Poland,2022-05,12.8,,
ESTAT:PRC_HICP_MANR(1.0),06/02/26 23:00:00,Monthly,Annual rate of change,All-items HICP,Poland,2022-06,14.2,,
ESTAT:PRC_HICP_MANR(1.0),06/02/26 23:00:00,Monthly,Annual rate of change,All-items HICP,Poland,2022-07,14.2,,
ESTAT:PRC_HICP_MANR(1.0),06/02/26 23:00:00,Monthly,Annual rate of change,All-items HICP,Poland,2022-08,14.8,,
ESTAT:PRC_HICP_MANR(1.0),06/02/26 23:00:00,Monthly,Annual rate of change,All-items HICP,Poland,2022-09,15.7,,
ESTAT:PRC_HICP_MANR(1.0),06/02/26 23:00:00,Monthly,Annual rate of change,All-items HICP,Poland,2022-10,16.4,,
ESTAT:PRC_HICP_MANR(1.0),06/02/26 23:00:00,Monthly,Annual rate of change,All-items HICP,Poland,2022-11,16.1,,
ESTAT:PRC_HICP_MANR(1.0),06/02/26 23:00:00,Monthly,Annual rate of change,All-items HICP,Poland,2022-12,15.3,,
ESTAT:PRC_HICP_MANR(1.0),06/02/26 23:00:00,Monthly,Annual rate of change,All-items HICP,Poland,2023-01,15.9,,
ESTAT:PRC_HICP_MANR(1.0),06/02/26 23:00:00,Monthly,Annual rate of change,All-items HICP,Poland,2023-02,17.2,,
ESTAT:PRC_HICP_MANR(1.0),06/02/26 23:00:00,Monthly,Annual rate of change,All-items HICP,Poland,2023-03,15.2,,
ESTAT:PRC_HICP_MANR(1.0),06/02/26 23:00:00,Monthly,Annual rate of change,All-items HICP,Poland,2023-04,14.0,,
ESTAT:PRC_HICP_MANR(1.0),06/02/26 23:00:00,Monthly,Annual rate of change,All-items HICP,Poland,2023-05,12.5,,
ESTAT:PRC_HICP_MANR(1.0),06/02/26 23:00:00,Monthly,Annual rate of change,All-items HICP,Poland,2023-06,11.0,,
ESTAT:PRC_HICP_MANR(1.0),06/02/26 23:00:00,Monthly,Annual rate of change,All-items HICP,Poland,2023-07,10.3,,
ESTAT:PRC_HICP_MANR(1.0),06/02/26 23:00:00,Monthly,Annual rate of change,All-items HICP,Poland,2023-08,9.5,,
ESTAT:PRC_HICP_MANR(1.0),06/02/26 23:00:00,Monthly,Annual rate of change,All-items HICP,Poland,2023-09,7.7,,
ESTAT:PRC_HICP_MANR(1.0),06/02/26 23:00:00,Monthly,Annual rate of change,All-items HICP,Poland,2023-10,6.3,,
ESTAT:PRC_HICP_MANR(1.0),06/02/26 23:00:00,Monthly,Annual rate of change,All-items HICP,Poland,2023-11,6.3,,
ESTAT:PRC_HICP_MANR(1.0),06/02/26 23:00:00,Monthly,Annual rate of change,All-items HICP,Poland,2023-12,6.2,,
ESTAT:PRC_HICP_MANR(1.0),06/02/26 23:00:00,Monthly,Annual rate of change,All-items HICP,Poland,2024-01,4.5,,
ESTAT:PRC_HICP_MANR(1.0),06/02/26 23:00:00,Monthly,Annual rate of change,All-items HICP,Poland,2024-02,3.7,,
ESTAT:PRC_HICP_MANR(1.0),06/02/26 23:00:00,Monthly,Annual rate of change,All-items HICP,Poland,2024-03,2.7,,
ESTAT:PRC_HICP_MANR(1.0),06/02/26 23:00:00,Monthly,Annual rate of change,All-items HICP,Poland,2024-04,3.0,,
ESTAT:PRC_HICP_MANR(1.0),06/02/26 23:00:00,Monthly,Annual rate of change,All-items HICP,Poland,2024-05,2.8,,
ESTAT:PRC_HICP_MANR(1.0),06/02/26 23:00:00,Monthly,Annual rate of change,All-items HICP,Poland,2024-06,2.9,,
ESTAT:PRC_HICP_MANR(1.0),06/02/26 23:00:00,Monthly,Annual rate of change,All-items HICP,Poland,2024-07,4.0,,
ESTAT:PRC_HICP_MANR(1.0),06/02/26 23:00:00,Monthly,Annual rate of change,All-items HICP,Poland,2024-08,4.0,,
ESTAT:PRC_HICP_MANR(1.0),06/02/26 23:00:00,Monthly,Annual rate of change,All-items HICP,Poland,2024-09,4.2,,
ESTAT:PRC_HICP_MANR(1.0),06/02/26 23:00:00,Monthly,Annual rate of change,All-items HICP,Poland,2024-10,4.2,,
ESTAT:PRC_HICP_MANR(1.0),06/02/26 23:00:00,Monthly,Annual rate of change,All-items HICP,Poland,2024-11,3.9,,
ESTAT:PRC_HICP_MANR(1.0),06/02/26 23:00:00,Monthly,Annual rate of change,All-items HICP,Poland,2024-12,3.9,,
ESTAT:PRC_HICP_MANR(1.0),06/02/26 23:00:00,Monthly,Annual rate of change,All-items HICP,Poland,2025-01,4.3,,
ESTAT:PRC_HICP_MANR(1.0),06/02/26 23:00:00,Monthly,Annual rate of change,All-items HICP,Poland,2025-02,4.3,,
ESTAT:PRC_HICP_MANR(1.0),06/02/26 23:00:00,Monthly,Annual rate of change,All-items HICP,Poland,2025-03,4.4,,
ESTAT:PRC_HICP_MANR(1.0),06/02/26 23:00:00,Monthly,Annual rate of change,All-items HICP,Poland,2025-04,3.7,,
ESTAT:PRC_HICP_MANR(1.0),06/02/26 23:00:00,Monthly,Annual rate of change,All-items HICP,Poland,2025-05,3.5,,
ESTAT:PRC_HICP_MANR(1.0),06/02/26 23:00:00,Monthly,Annual rate of change,All-items HICP,Poland,2025-06,3.4,,
ESTAT:PRC_HICP_MANR(1.0),06/02/26 23:00:00,Monthly,Annual rate of change,All-items HICP,Poland,2025-07,2.9,,
ESTAT:PRC_HICP_MANR(1.0),06/02/26 23:00:00,Monthly,Annual rate of change,All-items HICP,Poland,2025-08,2.7,,
ESTAT:PRC_HICP_MANR(1.0),06/02/26 23:00:00,Monthly,Annual rate of change,All-items HICP,Poland,2025-09,2.9,,
ESTAT:PRC_HICP_MANR(1.0),06/02/26 23:00:00,Monthly,Annual rate of change,All-items HICP,Poland,2025-10,2.9,,
ESTAT:PRC_HICP_MANR(1.0),06/02/26 23:00:00,Monthly,Annual rate of change,All-items HICP,Poland,2025-11,2.6,,
ESTAT:PRC_HICP_MANR(1.0),06/02/26 23:00:00,Monthly,Annual rate of change,All-items HICP,Poland,2025-12,2.5,,
