STRUCTURE,STRUCTURE_ID,STRUCTURE_NAME,ACTION,REF_AREA,Reference area,FREQ,Frequency of observation,MEASURE,Measure,UNIT_MEASURE,Unit of measure,ACTIVITY,Economic activity,ADJUSTMENT,Adjustment,TRANSFORMATION,Transformation,TIME_HORIZ,Time horizon,METHODOLOGY,Calculation methodology,TIME_PERIOD,Time period,OBS_VALUE,Observation value,OBS_STATUS,Observation status,UNIT_MULT,Unit multiplier,DECIMALS,Decimals,BASE_PER,Base period
DATAFLOW,OECD.SDD.STES:DSD_STES@DF_FINMARK(4.0),Financial market,I,POL,Poland,M,Monthly,IR3TIB,Short-term interest rates,PA,Percent per annum,_Z,Not applicable,_Z,Not applicable,_Z,Not applicable,_Z,Not applicable,N,National,1999-08,,13.63,,A,Normal value,0,Units,2,Two,,
DATAFLOW,OECD.SDD.STES:DSD_STES@DF_FINMARK(4.0),Financial market,I,POL,Poland,M,Monthly,IR3TIB,Short-term interest rates,PA,Percent per annum,_Z,Not applicable,_Z,Not applicable,_Z,Not applicable,_Z,Not applicable,N,National,1999-07,,13.46,,A,Normal value,0,Units,2,Two,,
DATAFLOW,OECD.SDD.STES:DSD_STES@DF_FINMARK(4.0),Financial market,I,POL,Poland,M,Monthly,IR3TIB,Short-term interest rates,PA,Percent per annum,_Z,Not applicable,_Z,Not applicable,_Z,Not applicable,_Z,Not applicable,N,National,2022-11,,7.28,,A,Normal value,0,Units,2,Two,,
DATAFLOW,OECD.SDD.STES:DSD_STES@DF_FINMARK(4.0),Financial market,I,POL,Poland,M,Monthly,IR3TIB,Short-term interest rates,PA,Percent per annum,_Z,Not applicable,_Z,Not applicable,_Z,Not applicable,_Z,Not applicable,N,National,1997-07,,24.36,,A,Normal value,0,Units,2,Two,,
DATAFLOW,OECD.SDD.STES:DSD_STES@DF_FINMARK(4.0),Financial market,I,POL,Poland,M,Monthly,IR3TIB,Short-term interest rates,PA,Percent per annum,_Z,Not applicable,_Z,Not applicable,_Z,Not applicable,_Z,Not applicable,N,National,2012-02,,4.9747,,A,Normal value,0,Units,2,Two,,
DATAFLOW,OECD.SDD.STES:DSD_STES@DF_FINMARK(4.0),Financial market,I,POL,Poland,M,Monthly,IR3TIB,Short-term interest rates,PA,Percent per annum,_Z,Not applicable,_Z,Not applicable,_Z,Not applicable,_Z,Not applicable,N,National,2012-01,,4.99,,A,Normal value,0,Units,2,Two,,
DATAFLOW,OECD.SDD.STES:DSD_STES@DF_FINMARK(4.0),Financial market,I,POL,Poland,M,Monthly,IR3TIB,Short-term interest rates,PA,Percent per annum,_Z,Not applicable,_Z,Not applicable,_Z,Not applicable,_Z,Not applicable,N,National,2011-12,,4.99,,A,Normal value,0,Units,2,Two,,
DATAFLOW,OECD.SDD.STES:DSD_STES@DF_FINMARK(4.0),Financial market,I,POL,Poland,M,Monthly,IR3TIB,Short-term interest rates,PA,Percent per annum,_Z,Not applicable,_Z,Not applicable,_Z,Not applicable,_Z,Not applicable,N,National,1998-11,,15.05,,A,Normal value,0,Units,2,Two,,
DATAFLOW,OECD.SDD.STES:DSD_STES@DF_FINMARK(4.0),Financial market,I,POL,Poland,M,Monthly,IR3TIB,Short-term interest rates,PA,Percent per annum,_Z,Not applicable,_Z,Not applicable,_Z,Not applicable,_Z,Not applicable,N,National,1998-10,,15.78,,A,Normal value,0,Units,2,Two,,
DATAFLOW,OECD.SDD.STES:DSD_STES@DF_FINMARK(4.0),Financial market,I,POL,Poland,M,Monthly,IR3TIB,Short-term interest rates,PA,Percent per annum,_Z,Not applicable,_Z,Not applicable,_Z,Not applicable,_Z,Not applicable,N,National,1998-09,,17.64,,A,Normal value,0,Units,2,Two,,
DATAFLOW,OECD.SDD.STES:DSD_STES@DF_FINMARK(4.0),Financial market,I,POL,Poland,M,Monthly,IR3TIB,Short-term interest rates,PA,Percent per annum,_Z,Not applicable,_Z,Not applicable,_Z,Not applicable,_Z,Not applicable,N,National,1998-08,,18.69,,A,Normal value,0,Units,2,Two,,
DATAFLOW,OECD.SDD.STES:DSD_STES@DF_FINMARK(4.0),Financial market,I,POL,Poland,M,Monthly,IR3TIB,Short-term interest rates,PA,Percent per annum,_Z,Not applicable,_Z,Not applicable,_Z,Not applicable,_Z,Not applicable,N,National,1998-07,,18.87,,A,Normal value,0,Units,2,Two,,
DATAFLOW,OECD.SDD.STES:DSD_STES@DF_FINMARK(4.0),Financial market,I,POL,Poland,M,Monthly,IR3TIB,Short-term interest rates,PA,Percent per annum,_Z,Not applicable,_Z,Not applicable,_Z,Not applicable,_Z,Not applicable,N,National,1998-06,,21.08,,A,Normal value,0,Units,2,Two,,
DATAFLOW,OECD.SDD.STES:DSD_STES@DF_FINMARK(4.0),Financial market,I,POL,Poland,M,Monthly,IR3TIB,Short-term interest rates,PA,Percent per annum,_Z,Not applicable,_Z,Not applicable,_Z,Not applicable,_Z,Not applicable,N,National,1998-05,,21.6,,A,Normal value,0,Units,2,Two,,
DATAFLOW,OECD.SDD.STES:DSD_STES@DF_FINMARK(4.0),Financial market,I,POL,Poland,M,Monthly,IR3TIB,Short-term interest rates,PA,Percent per annum,_Z,Not applicable,_Z,Not applicable,_Z,Not applicable,_Z,Not applicable,N,National,1998-04,,22.74,,A,Normal value,0,Units,2,Two,,
DATAFLOW,OECD.SDD.STES:DSD_STES@DF_FINMARK(4.0),Financial market,I,POL,Poland,M,Monthly,IR3TIB,Short-term interest rates,PA,Percent per annum,_Z,Not applicable,_Z,Not applicable,_Z,Not applicable,_Z,Not applicable,N,National,2022-04,,6.05,,A,Normal value,0,Units,2,Two,,
DATAFLOW,OECD.SDD.STES:DSD_STES@DF_FINMARK(4.0),Financial market,I,POL,Poland,M,Monthly,IR3TIB,Short-term interest rates,PA,Percent per annum,_Z,Not applicable,_Z,Not applicable,_Z,Not applicable,_Z,Not applicable,N,National,2022-03,,4.77,,A,Normal value,0,Units,2,Two,,
DATAFLOW,OECD.SDD.STES:DSD_STES@DF_FINMARK(4.0),Financial market,I,POL,Poland,M,Monthly,IR3TIB,Short-term interest rates,PA,Percent per annum,_Z,Not applicable,_Z,Not applicable,_Z,Not applicable,_Z,Not applicable,N,National,2022-02,,3.65,,A,Normal value,0,Units,2,Two,,
DATAFLOW,OECD.SDD.STES:DSD_STES@DF_FINMARK(4.0),Financial market,I,POL,Poland,M,Monthly,IR3TIB,Short-term interest rates,PA,Percent per annum,_Z,Not applicable,_Z,Not applicable,_Z,Not applicable,_Z,Not applicable,N,National,2022-01,,3.02,,A,Normal value,0,Units,2,Two,,
DATAFLOW,OECD.SDD.STES:DSD_STES@DF_FINMARK(4.0),Financial market,I,POL,Poland,M,Monthly,IR3TIB,Short-term interest rates,PA,Percent per annum,_Z,Not applicable,_Z,Not applicable,_Z,Not applicable,_Z,Not applicable,N,National,2001-08,,15.42,,A,Normal value,0,Units,2,Two,,
DATAFLOW,OECD.SDD.STES:DSD_STES@DF_FINMARK(4.0),Financial market,I,POL,Poland,M,Monthly,IR3TIB,Short-term interest rates,PA,Percent per annum,_Z,Not applicable,_Z,Not applicable,_Z,Not applicable,_Z,Not applicable,N,National,2001-07,,15.49,,A,Normal value,0,Units,2,Two,,
DATAFLOW,OECD.SDD.STES:DSD_STES@DF_FINMARK(4.0),Financial market,I,POL,Poland,M,Monthly,IR3TIB,Short-term interest rates,PA,Percent per annum,_Z,Not applicable,_Z,Not applicable,_Z,Not applicable,_Z,Not applicable,N,National,2001-06,,16.09,,A,Normal value,0,Units,2,Two,,
DATAFLOW,OECD.SDD.STES:DSD_STES@DF_FINMARK(4.0),Financial market,I,POL,Poland,M,Monthly,IR3TIB,Short-term interest rates,PA,Percent per annum,_Z,Not applicable,_Z,Not applicable,_Z,Not applicable,_Z,Not applicable,N,National,2001-05,,17.16,,A,Normal value,0,Units,2,Two,,
DATAFLOW,OECD.SDD.STES:DSD_STES@DF_FINMARK(4.0),Financial market,I,POL,Poland,M,Monthly,IR3TIB,Short-term interest rates,PA,Percent per annum,_Z,Not applicable,_Z,Not applicable,_Z,Not applicable,_Z,Not applicable,N,National,2001-04,,17.15,,A,Normal value,0,Units,2,Two,,
DATAFLOW,OECD.SDD.STES:DSD_STES@DF_FINMARK(4.0),Financial market,I,POL,Poland,M,Monthly,IR3TIB,Short-term interest rates,PA,Percent per annum,_Z,Not applicable,_Z,Not applicable,_Z,Not applicable,_Z,Not applicable,N,National,2001-03,,17.37,,A,Normal value,0,Units,2,Two,,
DATAFLOW,OECD.SDD.STES:DSD_STES@DF_FINMARK(4.0),Financial market,I,POL,Poland,M,Monthly,IR3TIB,Short-term interest rates,PA,Percent per annum,_Z,Not applicable,_Z,Not applicable,_Z,Not applicable,_Z,Not applicable,N,National,2001-02,,18.29,,A,Normal value,0,Units,2,Two,,
DATAFLOW,OECD.SDD.STES:DSD_STES@DF_FINMARK(4.0),Financial market,I,POL,Poland,M,Monthly,IR3TIB,Short-term interest rates,PA,Percent per annum,_Z,Not applicable,_Z,Not applicable,_Z,Not applicable,_Z,Not applicable,N,National,2001-01,,18.86,,A,Normal value,0,Units,2,Two,,
DATAFLOW,OECD.SDD.STES:DSD_STES@DF_FINMARK(4.0),Financial market,I,POL,Poland,M,Monthly,IR3TIB,Short-term interest rates,PA,Percent per annum,_Z,Not applicable,_Z,Not applicable,_Z,Not applicable,_Z,Not applicable,N,National,2000-12,,19.45,,A,Normal value,0,Units,2,Two,,
DATAFLOW,OECD.SDD.STES:DSD_STES@DF_FINMARK(4.0),Financial market,I,POL,Poland,M,Monthly,IR3TIB,Short-term interest rates,PA,Percent per annum,_Z,Not applicable,_Z,Not applicable,_Z,Not applicable,_Z,Not applicable,N,National,2000-11,,19.78,,A,Normal value,0,Units,2,Two,,
DATAFLOW,OECD.SDD.STES:DSD_STES@DF_FINMARK(4.0),Financial market,I,POL,Poland,M,Monthly,IR3TIB,Short-term interest rates,PA,Percent per annum,_Z,Not applicable,_Z,Not applicable,_Z,Not applicable,_Z,Not applicable,N,National,2000-10,,19.82,,A,Normal value,0,Units,2,Two,,
DATAFLOW,OECD.SDD.STES:DSD_STES@DF_FINMARK(4.0),Financial market,I,POL,Poland,M,Monthly,IR3TIB,Short-term interest rates,PA,Percent per annum,_Z,Not applicable,_Z,Not applicable,_Z,Not applicable,_Z,Not applicable,N,National,2000-09,,19.51,,A,Normal value,0,Units,2,Two,,
DATAFLOW,OECD.SDD.STES:DSD_STES@DF_FINMARK(4.0),Financial market,I,POL,Poland,M,Monthly,IR3TIB,Short-term interest rates,PA,Percent per annum,_Z,Not applicable,_Z,Not applicable,_Z,Not applicable,_Z,Not applicable,N,National,2000-08,,19.63,,A,Normal value,0,Units,2,Two,,
DATAFLOW,OECD.SDD.STES:DSD_STES@DF_FINMARK(4.0),Financial market,I,POL,Poland,M,Monthly,IR3TIB,Short-term interest rates,PA,Percent per annum,_Z,Not applicable,_Z,Not applicable,_Z,Not applicable,_Z,Not applicable,N,National,2000-07,,18.54,,A,Normal value,0,Units,2,Two,,
DATAFLOW,OECD.SDD.STES:DSD_STES@DF_FINMARK(4.0),Financial market,I,POL,Poland,M,Monthly,IR3TIB,Short-term interest rates,PA,Percent per annum,_Z,Not applicable,_Z,Not applicable,_Z,Not applicable,_Z,Not applicable,N,National,2000-06,,18.6,,A,Normal value,0,Units,2,Two,,
DATAFLOW,OECD.SDD.STES:DSD_STES@DF_FINMARK(4.0),Financial market,I,POL,Poland,M,Monthly,IR3TIB,Short-term interest rates,PA,Percent per annum,_Z,Not applicable,_Z,Not applicable,_Z,Not applicable,_Z,Not applicable,N,National,2000-05,,18.42,,A,Normal value,0,Units,2,Two,,
DATAFLOW,OECD.SDD.STES:DSD_STES@DF_FINMARK(4.0),Financial market,I,POL,Poland,M,Monthly,IR3TIB,Short-term interest rates,PA,Percent per annum,_Z,Not applicable,_Z,Not applicable,_Z,Not applicable,_Z,Not applicable,N,National,2000-04,,18.52,,A,Normal value,0,Units,2,Two,,
DATAFLOW,OECD.SDD.STES:DSD_STES@DF_FINMARK(4.0),Financial market,I,POL,Poland,M,Monthly,IR3TIB,Short-term interest rates,PA,Percent per annum,_Z,Not applicable,_Z,Not applicable,_Z,Not applicable,_Z,Not applicable,N,National,2000-03,,18.3,,A,Normal value,0,Units,2,Two,,
DATAFLOW,OECD.SDD.STES:DSD_STES@DF_FINMARK(4.0),Financial market,I,POL,Poland,M,Monthly,IR3TIB,Short-term interest rates,PA,Percent per annum,_Z,Not applicable,_Z,Not applicable,_Z,Not applicable,_Z,Not applicable,N,National,2000-02,,18.59,,A,Normal value,0,Units,2,Two,,
DATAFLOW,OECD.SDD.STES:DSD_STES@DF_FINMARK(4.0),Financial market,I,POL,Poland,M,Monthly,IR3TIB,Short-term interest rates,PA,Percent per annum,_Z,Not applicable,_Z,Not applicable,_Z,Not applicable,_Z,Not applicable,N,National,2000-01,,17.34,,A,Normal value,0,Units,2,Two,,
DATAFLOW,OECD.SDD.STES:DSD_STES@DF_FINMARK(4.0),Financial market,I,POL,Poland,M,Monthly,IR3TIB,Short-term interest rates,PA,Percent per annum,_Z,Not applicable,_Z,Not applicable,_Z,Not applicable,_Z,Not applicable,N,National,2011-08,,4.72,,A,Normal value,0,Units,2,Two,,
DATAFLOW,OECD.SDD.STES:DSD_STES@DF_FINMARK(4.0),Financial market,I,POL,Poland,M,Monthly,IR3TIB,Short-term interest rates,PA,Percent per annum,_Z,Not applicable,_Z,Not applicable,_Z,Not applicable,_Z,Not applicable,N,National,2011-07,,4.71,,A,Normal value,0,Units,2,Two,,
DATAFLOW,OECD.SDD.STES:DSD_STES@DF_FINMARK(4.0),Financial market,I,POL,Poland,M,Monthly,IR3TIB,Short-term interest rates,PA,Percent per annum,_Z,Not applicable,_Z,Not applicable,_Z,Not applicable,_Z,Not applicable,N,National,2011-06,,4.69,,A,Normal value,0,Units,2,Two,,
DATAFLOW,OECD.SDD.STES:DSD_STES@DF_FINMARK(4.0),Financial market,I,POL,Poland,M,Monthly,IR3TIB,Short-term interest rates,PA,Percent per annum,_Z,Not applicable,_Z,Not applicable,_Z,Not applicable,_Z,Not applicable,N,National,2011-05,,4.45,,A,Normal value,0,Units,2,Two,,
DATAFLOW,OECD.SDD.STES:DSD_STES@DF_FINMARK(4.0),Financial market,I,POL,Poland,M,Monthly,IR3TIB,Short-term interest rates,PA,Percent per annum,_Z,Not applicable,_Z,Not applicable,_Z,Not applicable,_Z,Not applicable,N,National,1999-01,,12.6,,A,Normal value,0,Units,2,Two,,
DATAFLOW,OECD.SDD.STES:DSD_STES@DF_FINMARK(4.0),Financial market,I,POL,Poland,M,Monthly,IR3TIB,Short-term interest rates,PA,Percent per annum,_Z,Not applicable,_Z,Not applicable,_Z,Not applicable,_Z,Not applicable,N,National,1998-12,,14.65,,A,Normal value,0,Units,2,Two,,
DATAFLOW,OECD.SDD.STES:DSD_STES@DF_FINMARK(4.0),Financial market,I,POL,Poland,M,Monthly,IR3TIB,Short-term interest rates,PA,Percent per annum,_Z,Not applicable,_Z,Not applicable,_Z,Not applicable,_Z,Not applicable,N,National,2007-08,,5.03,,A,Normal value,0,Units,2,Two,,
DATAFLOW,OECD.SDD.STES:DSD_STES@DF_FINMARK(4.0),Financial market,I,POL,Poland,M,Monthly,IR3TIB,Short-term interest rates,PA,Percent per annum,_Z,Not applicable,_Z,Not applicable,_Z,Not applicable,_Z,Not applicable,N,National,2007-07,,4.81,,A,Normal value,0,Units,2,Two,,
DATAFLOW,OECD.SDD.STES:DSD_STES@DF_FINMARK(4.0),Financial market,I,POL,Poland,M,Monthly,IR3TIB,Short-term interest rates,PA,Percent per annum,_Z,Not applicable,_Z,Not applicable,_Z,Not applicable,_Z,Not applicable,N,National,2007-06,,4.445,,A,Normal value,0,Units,2,Two,,
DATAFLOW,OECD.SDD.STES:DSD_STES@DF_FINMARK(4.0),Financial market,I,POL,Poland,M,Monthly,IR3TIB,Short-term interest rates,PA,Percent per annum,_Z,Not applicable,_Z,Not applicable,_Z,Not applicable,_Z,Not applicable,N,National,2007-05,,4.44,,A,Normal value,0,Units,2,Two,,
DATAFLOW,OECD.SDD.STES:DSD_STES@DF_FINMARK(4.0),Financial market,I,POL,Poland,M,Monthly,IR3TIB,Short-term interest rates,PA,Percent per annum,_Z,Not applicable,_Z,Not applicable,_Z,Not applicable,_Z,Not applicable,N,National,2007-04,,4.4,,A,Normal value,0,Units,2,Two,,
DATAFLOW,OECD.SDD.STES:DSD_STES@DF_FINMARK(4.0),Financial market,I,POL,Poland,M,Monthly,IR3TIB,Short-term interest rates,PA,Percent per annum,_Z,Not applicable,_Z,Not applicable,_Z,Not applicable,_Z,Not applicable,N,National,2007-03,,4.24,,A,Normal value,0,Units,2,Two,,
DATAFLOW,OECD.SDD.STES:DSD_STES@DF_FINMARK(4.0),Financial market,I,POL,Poland,M,Monthly,IR3TIB,Short-term interest rates,PA,Percent per annum,_Z,Not applicable,_Z,Not applicable,_Z,Not applicable,_Z,Not applicable,N,National,2007-02,,4.22,,A,Normal value,0,Units,2,Two,,
DATAFLOW,OECD.SDD.STES:DSD_STES@DF_FINMARK(4.0),Financial market,I,POL,Poland,M,Monthly,IR3TIB,Short-term interest rates,PA,Percent per annum,_Z,Not applicable,_Z,Not applicable,_Z,Not applicable,_Z,Not applicable,N,National,2007-01,,4.19,,A,Normal value,0,Units,2,Two,,
DATAFLOW,OECD.SDD.STES:DSD_STES@DF_FINMARK(4.0),Financial market,I,POL,Poland,M,Monthly,IR3TIB,Short-term interest rates,PA,Percent per annum,_Z,Not applicable,_Z,Not applicable,_Z,Not applicable,_Z,Not applicable,N,National,2006-12,,4.2,,A,Normal value,0,Units,2,Two,,
DATAFLOW,OECD.SDD.STES:DSD_STES@DF_FINMARK(4.0),Financial market,I,POL,Poland,M,Monthly,IR3TIB,Short-term interest rates,PA,Percent per annum,_Z,Not applicable,_Z,Not applicable,_Z,Not applicable,_Z,Not applicable,N,National,2006-11,,4.2,,A,Normal value,0,Units,2,Two,,
DATAFLOW,OECD.SDD.STES:DSD_STES@DF_FINMARK(4.0),Financial market,I,POL,Poland,M,Monthly,IR3TIB,Short-term interest rates,PA,Percent per annum,_Z,Not applicable,_Z,Not applicable,_Z,Not applicable,_Z,Not applicable,N,National,2006-10,,4.2,,A,Normal value,0,Units,2,Two,,
DATAFLOW,OECD.SDD.STES:DSD_STES@DF_FINMARK(4.0),Financial market,I,POL,Poland,M,Monthly,IR3TIB,Short-term interest rates,PA,Percent per annum,_Z,Not applicable,_Z,Not applicable,_Z,Not applicable,_Z,Not applicable,N,National,2006-09,,4.22,,A,Normal value,0,Units,2,Two,,
DATAFLOW,OECD.SDD.STES:DSD_STES@DF_FINMARK(4.0),Financial market,I,POL,Poland,M,Monthly,IR3TIB,Short-term interest rates,PA,Percent per annum,_Z,Not applicable,_Z,Not applicable,_Z,Not applicable,_Z,Not applicable,N,National,2006-08,,4.19,,A,Normal value,0,Units,2,Two,,
DATAFLOW,OECD.SDD.STES:DSD_STES@DF_FINMARK(4.0),Financial market,I,POL,Poland,M,Monthly,IR3TIB,Short-term interest rates,PA,Percent per annum,_Z,Not applicable,_Z,Not applicable,_Z,Not applicable,_Z,Not applicable,N,National,2006-07,,4.18,,A,Normal value,0,Units,2,Two,,
DATAFLOW,OECD.SDD.STES:DSD_STES@DF_FINMARK(4.0),Financial market,I,POL,Poland,M,Monthly,IR3TIB,Short-term interest rates,PA,Percent per annum,_Z,Not applicable,_Z,Not applicable,_Z,Not applicable,_Z,Not applicable,N,National,2006-06,,4.21,,A,Normal value,0,Units,2,Two,,
DATAFLOW,OECD.SDD.STES:DSD_STES@DF_FINMARK(4.0),Financial market,I,POL,Poland,M,Monthly,IR3TIB,Short-term interest rates,PA,Percent per annum,_Z,Not applicable,_Z,Not applicable,_Z,Not applicable,_Z,Not applicable,N,National,2006-05,,4.15,,A,Normal value,0,Units,2,Two,,
DATAFLOW,OECD.SDD.STES:DSD_STES@DF_FINMARK(4.0),Financial market,I,POL,Poland,M,Monthly,IR3TIB,Short-term interest rates,PA,Percent per annum,_Z,Not applicable,_Z,Not applicable,_Z,Not applicable,_Z,Not applicable,N,National,2006-04,,4.13,,A,Normal value,0,Units,2,Two,,
DATAFLOW,OECD.SDD.STES:DSD_STES@DF_FINMARK(4.0),Financial market,I,POL,Poland,M,Monthly,IR3TIB,Short-term interest rates,PA,Percent per annum,_Z,Not applicable,_Z,Not applicable,_Z,Not applicable,_Z,Not applicable,N,National,2006-03,,4.17,,A,Normal value,0,Units,2,Two,,
DATAFLOW,OECD.SDD.STES:DSD_STES@DF_FINMARK(4.0),Financial market,I,POL,Poland,M,Monthly,IR3TIB,Short-term interest rates,PA,Percent per annum,_Z,Not applicable,_Z,Not applicable,_Z,Not applicable,_Z,Not applicable,N,National,2006-02,,4.16,,A,Normal value,0,Units,2,Two,,
DATAFLOW,OECD.SDD.STES:DSD_STES@DF_FINMARK(4.0),Financial market,I,POL,Poland,M,Monthly,IR3TIB,Short-term interest rates,PA,Percent per annum,_Z,Not applicable,_Z,Not applicable,_Z,Not applicable,_Z,Not applicable,N,National,2006-01,,4.4,,A,Normal value,0,Units,2,Two,,
DATAFLOW,OECD.SDD.STES:DSD_STES@DF_FINMARK(4.0),Financial market,I,POL,Poland,M,Monthly,IR3TIB,Short-term interest rates,PA,Percent per annum,_Z,Not applicable,_Z,Not applicable,_Z,Not applicable,_Z,Not applicable,N,National,2005-12,,4.6,,A,Normal value,0,Units,2,Two,,
DATAFLOW,OECD.SDD.STES:DSD_STES@DF_FINMARK(4.0),Financial market,I,POL,Poland,M,Monthly,IR3TIB,Short-term interest rates,PA,Percent per annum,_Z,Not applicable,_Z,Not applicable,_Z,Not applicable,_Z,Not applicable,N,National,2005-11,,4.63,,A,Normal value,0,Units,2,Two,,
DATAFLOW,OECD.SDD.STES:DSD_STES@DF_FINMARK(4.0),Financial market,I,POL,Poland,M,Monthly,IR3TIB,Short-term interest rates,PA,Percent per annum,_Z,Not applicable,_Z,Not applicable,_Z,Not applicable,_Z,Not applicable,N,National,2005-10,,4.62,,A,Normal value,0,Units,2,Two,,
DATAFLOW,OECD.SDD.STES:DSD_STES@DF_FINMARK(4.0),Financial market,I,POL,Poland,M,Monthly,IR3TIB,Short-term interest rates,PA,Percent per annum,_Z,Not applicable,_Z,Not applicable,_Z,Not applicable,_Z,Not applicable,N,National,2005-09,,4.5,,A,Normal value,0,Units,2,Two,,
DATAFLOW,OECD.SDD.STES:DSD_STES@DF_FINMARK(4.0),Financial market,I,POL,Poland,M,Monthly,IR3TIB,Short-term interest rates,PA,Percent per annum,_Z,Not applicable,_Z,Not applicable,_Z,Not applicable,_Z,Not applicable,N,National,2005-08,,4.6,,A,Normal value,0,Units,2,Two,,
DATAFLOW,OECD.SDD.STES:DSD_STES@DF_FINMARK(4.0),Financial market,I,POL,Poland,M,Monthly,IR3TIB,Short-term interest rates,PA,Percent per annum,_Z,Not applicable,_Z,Not applicable,_Z,Not applicable,_Z,Not applicable,N,National,2005-07,,4.67,,A,Normal value,0,Units,2,Two,,
DATAFLOW,OECD.SDD.STES:DSD_STES@DF_FINMARK(4.0),Financial market,I,POL,Poland,M,Monthly,IR3TIB,Short-term interest rates,PA,Percent per annum,_Z,Not applicable,_Z,Not applicable,_Z,Not applicable,_Z,Not applicable,N,National,2005-06,,4.9,,A,Normal value,0,Units,2,Two,,
DATAFLOW,OECD.SDD.STES:DSD_STES@DF_FINMARK(4.0),Financial market,I,POL,Poland,M,Monthly,IR3TIB,Short-term interest rates,PA,Percent per annum,_Z,Not applicable,_Z,Not applicable,_Z,Not applicable,_Z,Not applicable,N,National,2005-05,,5.44,,A,Normal value,0,Units,2,Two,,
DATAFLOW,OECD.SDD.STES:DSD_STES@DF_FINMARK(4.0),Financial market,I,POL,Poland,M,Monthly,IR3TIB,Short-term interest rates,PA,Percent per annum,_Z,Not applicable,_Z,Not applicable,_Z,Not applicable,_Z,Not applicable,N,National,2005-04,,5.59,,A,Normal value,0,Units,2,Two,,
DATAFLOW,OECD.SDD.STES:DSD_STES@DF_FINMARK(4.0),Financial market,I,POL,Poland,M,Monthly,IR3TIB,Short-term interest rates,PA,Percent per annum,_Z,Not applicable,_Z,Not applicable,_Z,Not applicable,_Z,Not applicable,N,National,2005-03,,5.91,,A,Normal value,0,Units,2,Two,,
DATAFLOW,OECD.SDD.STES:DSD_STES@DF_FINMARK(4.0),Financial market,I,POL,Poland,M,Monthly,IR3TIB,Short-term interest rates,PA,Percent per annum,_Z,Not applicable,_Z,Not applicable,_Z,Not applicable,_Z,Not applicable,N,National,2005-02,,6.31,,A,Normal value,0,Units,2,Two,,
DATAFLOW,OECD.SDD.STES:DSD_STES@DF_FINMARK(4.0),Financial market,I,POL,Poland,M,Monthly,IR3TIB,Short-term interest rates,PA,Percent per annum,_Z,Not applicable,_Z,Not applicable,_Z,Not applicable,_Z,Not applicable,N,National,2005-01,,6.61,,A,Normal value,0,Units,2,Two,,
DATAFLOW,OECD.SDD.STES:DSD_STES@DF_FINMARK(4.0),Financial market,I,POL,Poland,M,Monthly,IR3TIB,Short-term interest rates,PA,Percent per annum,_Z,Not applicable,_Z,Not applicable,_Z,Not applicable,_Z,Not applicable,N,National,2004-12,,6.64,,A,Normal value,0,Units,2,Two,,
DATAFLOW,OECD.SDD.STES:DSD_STES@DF_FINMARK(4.0),Financial market,I,POL,Poland,M,Monthly,IR3TIB,Short-term interest rates,PA,Percent per annum,_Z,Not applicable,_Z,Not applicable,_Z,Not applicable,_Z,Not applicable,N,National,2004-11,,6.77,,A,Normal value,0,Units,2,Two,,
DATAFLOW,OECD.SDD.STES:DSD_STES@DF_FINMARK(4.0),Financial market,I,POL,Poland,M,Monthly,IR3TIB,Short-term interest rates,PA,Percent per annum,_Z,Not applicable,_Z,Not applicable,_Z,Not applicable,_Z,Not applicable,N,National,2004-10,,6.84,,A,Normal value,0,Units,2,Two,,
DATAFLOW,OECD.SDD.STES:DSD_STES@DF_FINMARK(4.0),Financial market,I,POL,Poland,M,Monthly,IR3TIB,Short-term interest rates,PA,Percent per annum,_Z,Not applicable,_Z,Not applicable,_Z,Not applicable,_Z,Not applicable,N,National,2004-09,,6.91,,A,Normal value,0,Units,2,Two,,
DATAFLOW,OECD.SDD.STES:DSD_STES@DF_FINMARK(4.0),Financial market,I,POL,Poland,M,Monthly,IR3TIB,Short-term interest rates,PA,Percent per annum,_Z,Not applicable,_Z,Not applicable,_Z,Not applicable,_Z,Not applicable,N,National,2004-08,,7,,A,Normal value,0,Units,2,Two,,
DATAFLOW,OECD.SDD.STES:DSD_STES@DF_FINMARK(4.0),Financial market,I,POL,Poland,M,Monthly,IR3TIB,Short-term interest rates,PA,Percent per annum,_Z,Not applicable,_Z,Not applicable,_Z,Not applicable,_Z,Not applicable,N,National,2004-07,,6.41,,A,Normal value,0,Units,2,Two,,
DATAFLOW,OECD.SDD.STES:DSD_STES@DF_FINMARK(4.0),Financial market,I,POL,Poland,M,Monthly,IR3TIB,Short-term interest rates,PA,Percent per annum,_Z,Not applicable,_Z,Not applicable,_Z,Not applicable,_Z,Not applicable,N,National,2004-06,,6.05,,A,Normal value,0,Units,2,Two,,
DATAFLOW,OECD.SDD.STES:DSD_STES@DF_FINMARK(4.0),Financial market,I,POL,Poland,M,Monthly,IR3TIB,Short-term interest rates,PA,Percent per annum,_Z,Not applicable,_Z,Not applicable,_Z,Not applicable,_Z,Not applicable,N,National,2004-05,,6,,A,Normal value,0,Units,2,Two,,
DATAFLOW,OECD.SDD.STES:DSD_STES@DF_FINMARK(4.0),Financial market,I,POL,Poland,M,Monthly,IR3TIB,Short-term interest rates,PA,Percent per annum,_Z,Not applicable,_Z,Not applicable,_Z,Not applicable,_Z,Not applicable,N,National,2004-04,,5.85,,A,Normal value,0,Units,2,Two,,
DATAFLOW,OECD.SDD.STES:DSD_STES@DF_FINMARK(4.0),Financial market,I,POL,Poland,M,Monthly,IR3TIB,Short-term interest rates,PA,Percent per annum,_Z,Not applicable,_Z,Not applicable,_Z,Not applicable,_Z,Not applicable,N,National,2004-03,,5.49,,A,Normal value,0,Units,2,Two,,
DATAFLOW,OECD.SDD.STES:DSD_STES@DF_FINMARK(4.0),Financial market,I,POL,Poland,M,Monthly,IR3TIB,Short-term interest rates,PA,Percent per annum,_Z,Not applicable,_Z,Not applicable,_Z,Not applicable,_Z,Not applicable,N,National,2004-02,,5.5,,A,Normal value,0,Units,2,Two,,
DATAFLOW,OECD.SDD.STES:DSD_STES@DF_FINMARK(4.0),Financial market,I,POL,Poland,M,Monthly,IR3TIB,Short-term interest rates,PA,Percent per annum,_Z,Not applicable,_Z,Not applicable,_Z,Not applicable,_Z,Not applicable,N,National,2004-01,,5.46,,A,Normal value,0,Units,2,Two,,
DATAFLOW,OECD.SDD.STES:DSD_STES@DF_FINMARK(4.0),Financial market,I,POL,Poland,M,Monthly,IR3TIB,Short-term interest rates,PA,Percent per annum,_Z,Not applicable,_Z,Not applicable,_Z,Not applicable,_Z,Not applicable,N,National,2022-09,,7.21,,A,Normal value,0,Units,2,Two,,
DATAFLOW,OECD.SDD.STES:DSD_STES@DF_FINMARK(4.0),Financial market,I,POL,Poland,M,Monthly,IR3TIB,Short-term interest rates,PA,Percent per annum,_Z,Not applicable,_Z,Not applicable,_Z,Not applicable,_Z,Not applicable,N,National,2022-08,,7.11,,A,Normal value,0,Units,2,Two,,
DATAFLOW,OECD.SDD.STES:DSD_STES@DF_FINMARK(4.0),Financial market,I,POL,Poland,M,Monthly,IR3TIB,Short-term interest rates,PA,Percent per annum,_Z,Not applicable,_Z,Not applicable,_Z,Not applicable,_Z,Not applicable,N,National,2022-07,,7.01,,A,Normal value,0,Units,2,Two,,
DATAFLOW,OECD.SDD.STES:DSD_STES@DF_FINMARK(4.0),Financial market,I,POL,Poland,M,Monthly,IR3TIB,Short-term interest rates,PA,Percent per annum,_Z,Not applicable,_Z,Not applicable,_Z,Not applicable,_Z,Not applicable,N,National,2022-06,,7.05,,A,Normal value,0,Units,2,Two,,
DATAFLOW,OECD.SDD.STES:DSD_STES@DF_FINMARK(4.0),Financial market,I,POL,Poland,M,Monthly,IR3TIB,Short-term interest rates,PA,Percent per annum,_Z,Not applicable,_Z,Not applicable,_Z,Not applicable,_Z,Not applicable,N,National,2002-02,,10.22,,A,Normal value,0,Units,2,Two,,
DATAFLOW,OECD.SDD.STES:DSD_STES@DF_FINMARK(4.0),Financial market,I,POL,Poland,M,Monthly,IR3TIB,Short-term interest rates,PA,Percent per annum,_Z,Not applicable,_Z,Not applicable,_Z,Not applicable,_Z,Not applicable,N,National,2002-01,,10.64,,A,Normal value,0,Units,2,Two,,
DATAFLOW,OECD.SDD.STES:DSD_STES@DF_FINMARK(4.0),Financial market,I,POL,Poland,M,Monthly,IR3TIB,Short-term interest rates,PA,Percent per annum,_Z,Not applicable,_Z,Not applicable,_Z,Not applicable,_Z,Not applicable,N,National,2001-12,,11.91,,A,Normal value,0,Units,2,Two,,
DATAFLOW,OECD.SDD.STES:DSD_STES@DF_FINMARK(4.0),Financial market,I,POL,Poland,M,Monthly,IR3TIB,Short-term interest rates,PA,Percent per annum,_Z,Not applicable,_Z,Not applicable,_Z,Not applicable,_Z,Not applicable,N,National,2001-11,,12.45,,A,Normal value,0,Units,2,Two,,
DATAFLOW,OECD.SDD.STES:DSD_STES@DF_FINMARK(4.0),Financial market,I,POL,Poland,M,Monthly,IR3TIB,Short-term interest rates,PA,Percent per annum,_Z,Not applicable,_Z,Not applicable,_Z,Not applicable,_Z,Not applicable,N,National,2001-10,,13.84,,A,Normal value,0,Units,2,Two,,
DATAFLOW,OECD.SDD.STES:DSD_STES@DF_FINMARK(4.0),Financial market,I,POL,Poland,M,Monthly,IR3TIB,Short-term interest rates,PA,Percent per annum,_Z,Not applicable,_Z,Not applicable,_Z,Not applicable,_Z,Not applicable,N,National,2001-09,,14.56,,A,Normal value,0,Units,2,Two,,
DATAFLOW,OECD.SDD.STES:DSD_STES@DF_FINMARK(4.0),Financial market,I,POL,Poland,M,Monthly,IR3TIB,Short-term interest rates,PA,Percent per annum,_Z,Not applicable,_Z,Not applicable,_Z,Not applicable,_Z,Not applicable,N,National,2019-09,,1.72,,A,Normal value,0,Units,2,Two,,
DATAFLOW,OECD.SDD.STES:DSD_STES@DF_FINMARK(4.0),Financial market,I,POL,Poland,M,Monthly,IR3TIB,Short-term interest rates,PA,Percent per annum,_Z,Not applicable,_Z,Not applicable,_Z,Not applicable,_Z,Not applicable,N,National,2019-08,,1.72,,A,Normal value,0,Units,2,Two,,
DATAFLOW,OECD.SDD.STES:DSD_STES@DF_FINMARK(4.0),Financial market,I,POL,Poland,M,Monthly,IR3TIB,Short-term interest rates,PA,Percent per annum,_Z,Not applicable,_Z,Not applicable,_Z,Not applicable,_Z,Not applicable,N,National,2019-07,,1.72,,A,Normal value,0,Units,2,Two,,
DATAFLOW,OECD.SDD.STES:DSD_STES@DF_FINMARK(4.0),Financial market,I,POL,Poland,M,Monthly,IR3TIB,Short-term interest rates,PA,Percent per annum,_Z,Not applicable,_Z,Not applicable,_Z,Not applicable,_Z,Not applicable,N,National,2019-06,,1.72,,A,Normal value,0,Units,2,Two,,
DATAFLOW,OECD.SDD.STES:DSD_STES@DF_FINMARK(4.0),Financial market,I,POL,Poland,M,Monthly,IR3TIB,Short-term interest rates,PA,Percent per annum,_Z,Not applicable,_Z,Not applicable,_Z,Not applicable,_Z,Not applicable,N,National,2019-05,,1.72,,A,Normal value,0,Units,2,Two,,
DATAFLOW,OECD.SDD.STES:DSD_STES@DF_FINMARK(4.0),Financial market,I,POL,Poland,M,Monthly,IR3TIB,Short-term interest rates,PA,Percent per annum,_Z,Not applicable,_Z,Not applicable,_Z,Not applicable,_Z,Not applicable,N,National,2019-04,,1.72,,A,Normal value,0,Units,2,Two,,
DATAFLOW,OECD.SDD.STES:DSD_STES@DF_FINMARK(4.0),Financial market,I,POL,Poland,M,Monthly,IR3TIB,Short-term interest rates,PA,Percent per annum,_Z,Not applicable,_Z,Not applicable,_Z,Not applicable,_Z,Not applicable,N,National,2019-03,,1.72,,A,Normal value,0,Units,2,Two,,
DATAFLOW,OECD.SDD.STES:DSD_STES@DF_FINMARK(4.0),Financial market,I,POL,Poland,M,Monthly,IR3TIB,Short-term interest rates,PA,Percent per annum,_Z,Not applicable,_Z,Not applicable,_Z,Not applicable,_Z,Not applicable,N,National,2019-02,,1.72,,A,Normal value,0,Units,2,Two,,
DATAFLOW,OECD.SDD.STES:DSD_STES@DF_FINMARK(4.0),Financial market,I,POL,Poland,M,Monthly,IR3TIB,Short-term interest rates,PA,Percent per annum,_Z,Not applicable,_Z,Not applicable,_Z,Not applicable,_Z,Not applicable,N,National,2019-01,,1.72,,A,Normal value,0,Units,2,Two,,
DATAFLOW,OECD.SDD.STES:DSD_STES@DF_FINMARK(4.0),Financial market,I,POL,Poland,M,Monthly,IR3TIB,Short-term interest rates,PA,Percent per annum,_Z,Not applicable,_Z,Not applicable,_Z,Not applicable,_Z,Not applicable,N,National,2018-12,,1.72,,A,Normal value,0,Units,2,Two,,
DATAFLOW,OECD.SDD.STES:DSD_STES@DF_FINMARK(4.0),Financial market,I,POL,Poland,M,Monthly,IR3TIB,Short-term interest rates,PA,Percent per annum,_Z,Not applicable,_Z,Not applicable,_Z,Not applicable,_Z,Not applicable,N,National,2018-11,,1.72,,A,Normal value,0,Units,2,Two,,
DATAFLOW,OECD.SDD.STES:DSD_STES@DF_FINMARK(4.0),Financial market,I,POL,Poland,M,Monthly,IR3TIB,Short-term interest rates,PA,Percent per annum,_Z,Not applicable,_Z,Not applicable,_Z,Not applicable,_Z,Not applicable,N,National,2018-10,,1.72,,A,Normal value,0,Units,2,Two,,
DATAFLOW,OECD.SDD.STES:DSD_STES@DF_FINMARK(4.0),Financial market,I,POL,Poland,M,Monthly,IR3TIB,Short-term interest rates,PA,Percent per annum,_Z,Not applicable,_Z,Not applicable,_Z,Not applicable,_Z,Not applicable,N,National,2018-09,,1.72,,A,Normal value,0,Units,2,Two,,
DATAFLOW,OECD.SDD.STES:DSD_STES@DF_FINMARK(4.0),Financial market,I,POL,Poland,M,Monthly,IR3TIB,Short-term interest rates,PA,Percent per annum,_Z,Not applicable,_Z,Not applicable,_Z,Not applicable,_Z,Not applicable,N,National,2018-08,,1.71,,A,Normal value,0,Units,2,Two,,
DATAFLOW,OECD.SDD.STES:DSD_STES@DF_FINMARK(4.0),Financial market,I,POL,Poland,M,Monthly,IR3TIB,Short-term interest rates,PA,Percent per annum,_Z,Not applicable,_Z,Not applicable,_Z,Not applicable,_Z,Not applicable,N,National,2018-07,,1.7,,A,Normal value,0,Units,2,Two,,
DATAFLOW,OECD.SDD.STES:DSD_STES@DF_FINMARK(4.0),Financial market,I,POL,Poland,M,Monthly,IR3TIB,Short-term interest rates,PA,Percent per annum,_Z,Not applicable,_Z,Not applicable,_Z,Not applicable,_Z,Not applicable,N,National,2018-06,,1.7,,A,Normal value,0,Units,2,Two,,
DATAFLOW,OECD.SDD.STES:DSD_STES@DF_FINMARK(4.0),Financial market,I,POL,Poland,M,Monthly,IR3TIB,Short-term interest rates,PA,Percent per annum,_Z,Not applicable,_Z,Not applicable,_Z,Not applicable,_Z,Not applicable,N,National,2018-05,,1.7,,A,Normal value,0,Units,2,Two,,
DATAFLOW,OECD.SDD.STES:DSD_STES@DF_FINMARK(4.0),Financial market,I,POL,Poland,M,Monthly,IR3TIB,Short-term interest rates,PA,Percent per annum,_Z,Not applicable,_Z,Not applicable,_Z,Not applicable,_Z,Not applicable,N,National,2018-04,,1.7,,A,Normal value,0,Units,2,Two,,
DATAFLOW,OECD.SDD.STES:DSD_STES@DF_FINMARK(4.0),Financial market,I,POL,Poland,M,Monthly,IR3TIB,Short-term interest rates,PA,Percent per annum,_Z,Not applicable,_Z,Not applicable,_Z,Not applicable,_Z,Not applicable,N,National,2018-03,,1.7,,A,Normal value,0,Units,2,Two,,
DATAFLOW,OECD.SDD.STES:DSD_STES@DF_FINMARK(4.0),Financial market,I,POL,Poland,M,Monthly,IR3TIB,Short-term interest rates,PA,Percent per annum,_Z,Not applicable,_Z,Not applicable,_Z,Not applicable,_Z,Not applicable,N,National,2018-02,,1.72,,A,Normal value,0,Units,2,Two,,
DATAFLOW,OECD.SDD.STES:DSD_STES@DF_FINMARK(4.0),Financial market,I,POL,Poland,M,Monthly,IR3TIB,Short-term interest rates,PA,Percent per annum,_Z,Not applicable,_Z,Not applicable,_Z,Not applicable,_Z,Not applicable,N,National,2018-01,,1.72,,A,Normal value,0,Units,2,Two,,
DATAFLOW,OECD.SDD.STES:DSD_STES@DF_FINMARK(4.0),Financial market,I,POL,Poland,M,Monthly,IR3TIB,Short-term interest rates,PA,Percent per annum,_Z,Not applicable,_Z,Not applicable,_Z,Not applicable,_Z,Not applicable,N,National,2017-12,,1.72,,A,Normal value,0,Units,2,Two,,
DATAFLOW,OECD.SDD.STES:DSD_STES@DF_FINMARK(4.0),Financial market,I,POL,Poland,M,Monthly,IR3TIB,Short-term interest rates,PA,Percent per annum,_Z,Not applicable,_Z,Not applicable,_Z,Not applicable,_Z,Not applicable,N,National,2017-11,,1.73,,A,Normal value,0,Units,2,Two,,
DATAFLOW,OECD.SDD.STES:DSD_STES@DF_FINMARK(4.0),Financial market,I,POL,Poland,M,Monthly,IR3TIB,Short-term interest rates,PA,Percent per annum,_Z,Not applicable,_Z,Not applicable,_Z,Not applicable,_Z,Not applicable,N,National,2017-10,,1.73,,A,Normal value,0,Units,2,Two,,
DATAFLOW,OECD.SDD.STES:DSD_STES@DF_FINMARK(4.0),Financial market,I,POL,Poland,M,Monthly,IR3TIB,Short-term interest rates,PA,Percent per annum,_Z,Not applicable,_Z,Not applicable,_Z,Not applicable,_Z,Not applicable,N,National,2017-09,,1.73,,A,Normal value,0,Units,2,Two,,
DATAFLOW,OECD.SDD.STES:DSD_STES@DF_FINMARK(4.0),Financial market,I,POL,Poland,M,Monthly,IR3TIB,Short-term interest rates,PA,Percent per annum,_Z,Not applicable,_Z,Not applicable,_Z,Not applicable,_Z,Not applicable,N,National,2017-08,,1.73,,A,Normal value,0,Units,2,Two,,
DATAFLOW,OECD.SDD.STES:DSD_STES@DF_FINMARK(4.0),Financial market,I,POL,Poland,M,Monthly,IR3TIB,Short-term interest rates,PA,Percent per annum,_Z,Not applicable,_Z,Not applicable,_Z,Not applicable,_Z,Not applicable,N,National,2017-07,,1.73,,A,Normal value,0,Units,2,Two,,
DATAFLOW,OECD.SDD.STES:DSD_STES@DF_FINMARK(4.0),Financial market,I,POL,Poland,M,Monthly,IR3TIB,Short-term interest rates,PA,Percent per annum,_Z,Not applicable,_Z,Not applicable,_Z,Not applicable,_Z,Not applicable,N,National,2017-06,,1.73,,A,Normal value,0,Units,2,Two,,
DATAFLOW,OECD.SDD.STES:DSD_STES@DF_FINMARK(4.0),Financial market,I,POL,Poland,M,Monthly,IR3TIB,Short-term interest rates,PA,Percent per annum,_Z,Not applicable,_Z,Not applicable,_Z,Not applicable,_Z,Not applicable,N,National,2017-05,,1.73,,A,Normal value,0,Units,2,Two,,
DATAFLOW,OECD.SDD.STES:DSD_STES@DF_FINMARK(4.0),Financial market,I,POL,Poland,M,Monthly,IR3TIB,Short-term interest rates,PA,Percent per annum,_Z,Not applicable,_Z,Not applicable,_Z,Not applicable,_Z,Not applicable,N,National,2017-04,,1.73,,A,Normal value,0,Units,2,Two,,
DATAFLOW,OECD.SDD.STES:DSD_STES@DF_FINMARK(4.0),Financial market,I,POL,Poland,M,Monthly,IR3TIB,Short-term interest rates,PA,Percent per annum,_Z,Not applicable,_Z,Not applicable,_Z,Not applicable,_Z,Not applicable,N,National,2017-03,,1.73,,A,Normal value,0,Units,2,Two,,
DATAFLOW,OECD.SDD.STES:DSD_STES@DF_FINMARK(4.0),Financial market,I,POL,Poland,M,Monthly,IR3TIB,Short-term interest rates,PA,Percent per annum,_Z,Not applicable,_Z,Not applicable,_Z,Not applicable,_Z,Not applicable,N,National,2017-02,,1.73,,A,Normal value,0,Units,2,Two,,
DATAFLOW,OECD.SDD.STES:DSD_STES@DF_FINMARK(4.0),Financial market,I,POL,Poland,M,Monthly,IR3TIB,Short-term interest rates,PA,Percent per annum,_Z,Not applicable,_Z,Not applicable,_Z,Not applicable,_Z,Not applicable,N,National,2017-01,,1.73,,A,Normal value,0,Units,2,Two,,
DATAFLOW,OECD.SDD.STES:DSD_STES@DF_FINMARK(4.0),Financial market,I,POL,Poland,M,Monthly,IR3TIB,Short-term interest rates,PA,Percent per annum,_Z,Not applicable,_Z,Not applicable,_Z,Not applicable,_Z,Not applicable,N,National,2016-12,,1.73,,A,Normal value,0,Units,2,Two,,
DATAFLOW,OECD.SDD.STES:DSD_STES@DF_FINMARK(4.0),Financial market,I,POL,Poland,M,Monthly,IR3TIB,Short-term interest rates,PA,Percent per annum,_Z,Not applicable,_Z,Not applicable,_Z,Not applicable,_Z,Not applicable,N,National,2016-11,,1.73,,A,Normal value,0,Units,2,Two,,
DATAFLOW,OECD.SDD.STES:DSD_STES@DF_FINMARK(4.0),Financial market,I,POL,Poland,M,Monthly,IR3TIB,Short-term interest rates,PA,Percent per annum,_Z,Not applicable,_Z,Not applicable,_Z,Not applicable,_Z,Not applicable,N,National,2016-10,,1.72,,A,Normal value,0,Units,2,Two,,
DATAFLOW,OECD.SDD.STES:DSD_STES@DF_FINMARK(4.0),Financial market,I,POL,Poland,M,Monthly,IR3TIB,Short-term interest rates,PA,Percent per annum,_Z,Not applicable,_Z,Not applicable,_Z,Not applicable,_Z,Not applicable,N,National,2016-09,,1.71,,A,Normal value,0,Units,2,Two,,
DATAFLOW,OECD.SDD.STES:DSD_STES@DF_FINMARK(4.0),Financial market,I,POL,Poland,M,Monthly,IR3TIB,Short-term interest rates,PA,Percent per annum,_Z,Not applicable,_Z,Not applicable,_Z,Not applicable,_Z,Not applicable,N,National,2016-08,,1.71,,A,Normal value,0,Units,2,Two,,
DATAFLOW,OECD.SDD.STES:DSD_STES@DF_FINMARK(4.0),Financial market,I,POL,Poland,M,Monthly,IR3TIB,Short-term interest rates,PA,Percent per annum,_Z,Not applicable,_Z,Not applicable,_Z,Not applicable,_Z,Not applicable,N,National,2016-07,,1.71,,A,Normal value,0,Units,2,Two,,
DATAFLOW,OECD.SDD.STES:DSD_STES@DF_FINMARK(4.0),Financial market,I,POL,Poland,M,Monthly,IR3TIB,Short-term interest rates,PA,Percent per annum,_Z,Not applicable,_Z,Not applicable,_Z,Not applicable,_Z,Not applicable,N,National,2016-06,,1.71,,A,Normal value,0,Units,2,Two,,
DATAFLOW,OECD.SDD.STES:DSD_STES@DF_FINMARK(4.0),Financial market,I,POL,Poland,M,Monthly,IR3TIB,Short-term interest rates,PA,Percent per annum,_Z,Not applicable,_Z,Not applicable,_Z,Not applicable,_Z,Not applicable,N,National,2016-05,,1.68,,A,Normal value,0,Units,2,Two,,
DATAFLOW,OECD.SDD.STES:DSD_STES@DF_FINMARK(4.0),Financial market,I,POL,Poland,M,Monthly,IR3TIB,Short-term interest rates,PA,Percent per annum,_Z,Not applicable,_Z,Not applicable,_Z,Not applicable,_Z,Not applicable,N,National,2016-04,,1.67,,A,Normal value,0,Units,2,Two,,
DATAFLOW,OECD.SDD.STES:DSD_STES@DF_FINMARK(4.0),Financial market,I,POL,Poland,M,Monthly,IR3TIB,Short-term interest rates,PA,Percent per annum,_Z,Not applicable,_Z,Not applicable,_Z,Not applicable,_Z,Not applicable,N,National,2016-03,,1.67,,A,Normal value,0,Units,2,Two,,
DATAFLOW,OECD.SDD.STES:DSD_STES@DF_FINMARK(4.0),Financial market,I,POL,Poland,M,Monthly,IR3TIB,Short-term interest rates,PA,Percent per annum,_Z,Not applicable,_Z,Not applicable,_Z,Not applicable,_Z,Not applicable,N,National,2016-02,,1.68,,A,Normal value,0,Units,2,Two,,
DATAFLOW,OECD.SDD.STES:DSD_STES@DF_FINMARK(4.0),Financial market,I,POL,Poland,M,Monthly,IR3TIB,Short-term interest rates,PA,Percent per annum,_Z,Not applicable,_Z,Not applicable,_Z,Not applicable,_Z,Not applicable,N,National,2016-01,,1.7,,A,Normal value,0,Units,2,Two,,
DATAFLOW,OECD.SDD.STES:DSD_STES@DF_FINMARK(4.0),Financial market,I,POL,Poland,M,Monthly,IR3TIB,Short-term interest rates,PA,Percent per annum,_Z,Not applicable,_Z,Not applicable,_Z,Not applicable,_Z,Not applicable,N,National,2015-12,,1.72,,A,Normal value,0,Units,2,Two,,
DATAFLOW,OECD.SDD.STES:DSD_STES@DF_FINMARK(4.0),Financial market,I,POL,Poland,M,Monthly,IR3TIB,Short-term interest rates,PA,Percent per annum,_Z,Not applicable,_Z,Not applicable,_Z,Not applicable,_Z,Not applicable,N,National,2015-11,,1.73,,A,Normal value,0,Units,2,Two,,
DATAFLOW,OECD.SDD.STES:DSD_STES@DF_FINMARK(4.0),Financial market,I,POL,Poland,M,Monthly,IR3TIB,Short-term interest rates,PA,Percent per annum,_Z,Not applicable,_Z,Not applicable,_Z,Not applicable,_Z,Not applicable,N,National,2015-10,,1.73,,A,Normal value,0,Units,2,Two,,
DATAFLOW,OECD.SDD.STES:DSD_STES@DF_FINMARK(4.0),Financial market,I,POL,Poland,M,Monthly,IR3TIB,Short-term interest rates,PA,Percent per annum,_Z,Not applicable,_Z,Not applicable,_Z,Not applicable,_Z,Not applicable,N,National,2015-09,,1.73,,A,Normal value,0,Units,2,Two,,
DATAFLOW,OECD.SDD.STES:DSD_STES@DF_FINMARK(4.0),Financial market,I,POL,Poland,M,Monthly,IR3TIB,Short-term interest rates,PA,Percent per annum,_Z,Not applicable,_Z,Not applicable,_Z,Not applicable,_Z,Not applicable,N,National,2015-08,,1.72,,A,Normal value,0,Units,2,Two,,
DATAFLOW,OECD.SDD.STES:DSD_STES@DF_FINMARK(4.0),Financial market,I,POL,Poland,M,Monthly,IR3TIB,Short-term interest rates,PA,Percent per annum,_Z,Not applicable,_Z,Not applicable,_Z,Not applicable,_Z,Not applicable,N,National,2015-07,,1.72,,A,Normal value,0,Units,2,Two,,
DATAFLOW,OECD.SDD.STES:DSD_STES@DF_FINMARK(4.0),Financial market,I,POL,Poland,M,Monthly,IR3TIB,Short-term interest rates,PA,Percent per annum,_Z,Not applicable,_Z,Not applicable,_Z,Not applicable,_Z,Not applicable,N,National,2015-06,,1.72,,A,Normal value,0,Units,2,Two,,
DATAFLOW,OECD.SDD.STES:DSD_STES@DF_FINMARK(4.0),Financial market,I,POL,Poland,M,Monthly,IR3TIB,Short-term interest rates,PA,Percent per annum,_Z,Not applicable,_Z,Not applicable,_Z,Not applicable,_Z,Not applicable,N,National,2015-05,,1.68,,A,Normal value,0,Units,2,Two,,
DATAFLOW,OECD.SDD.STES:DSD_STES@DF_FINMARK(4.0),Financial market,I,POL,Poland,M,Monthly,IR3TIB,Short-term interest rates,PA,Percent per annum,_Z,Not applicable,_Z,Not applicable,_Z,Not applicable,_Z,Not applicable,N,National,2015-04,,1.65,,A,Normal value,0,Units,2,Two,,
DATAFLOW,OECD.SDD.STES:DSD_STES@DF_FINMARK(4.0),Financial market,I,POL,Poland,M,Monthly,IR3TIB,Short-term interest rates,PA,Percent per annum,_Z,Not applicable,_Z,Not applicable,_Z,Not applicable,_Z,Not applicable,N,National,2015-03,,1.65,,A,Normal value,0,Units,2,Two,,
DATAFLOW,OECD.SDD.STES:DSD_STES@DF_FINMARK(4.0),Financial market,I,POL,Poland,M,Monthly,IR3TIB,Short-term interest rates,PA,Percent per annum,_Z,Not applicable,_Z,Not applicable,_Z,Not applicable,_Z,Not applicable,N,National,2015-02,,1.81,,A,Normal value,0,Units,2,Two,,
DATAFLOW,OECD.SDD.STES:DSD_STES@DF_FINMARK(4.0),Financial market,I,POL,Poland,M,Monthly,IR3TIB,Short-term interest rates,PA,Percent per annum,_Z,Not applicable,_Z,Not applicable,_Z,Not applicable,_Z,Not applicable,N,National,2015-01,,2,,A,Normal value,0,Units,2,Two,,
DATAFLOW,OECD.SDD.STES:DSD_STES@DF_FINMARK(4.0),Financial market,I,POL,Poland,M,Monthly,IR3TIB,Short-term interest rates,PA,Percent per annum,_Z,Not applicable,_Z,Not applicable,_Z,Not applicable,_Z,Not applicable,N,National,2014-12,,2.06,,A,Normal value,0,Units,2,Two,,
DATAFLOW,OECD.SDD.STES:DSD_STES@DF_FINMARK(4.0),Financial market,I,POL,Poland,M,Monthly,IR3TIB,Short-term interest rates,PA,Percent per annum,_Z,Not applicable,_Z,Not applicable,_Z,Not applicable,_Z,Not applicable,N,National,2014-11,,2.06,,A,Normal value,0,Units,2,Two,,
DATAFLOW,OECD.SDD.STES:DSD_STES@DF_FINMARK(4.0),Financial market,I,POL,Poland,M,Monthly,IR3TIB,Short-term interest rates,PA,Percent per annum,_Z,Not applicable,_Z,Not applicable,_Z,Not applicable,_Z,Not applicable,N,National,2014-10,,1.96,,A,Normal value,0,Units,2,Two,,
DATAFLOW,OECD.SDD.STES:DSD_STES@DF_FINMARK(4.0),Financial market,I,POL,Poland,M,Monthly,IR3TIB,Short-term interest rates,PA,Percent per annum,_Z,Not applicable,_Z,Not applicable,_Z,Not applicable,_Z,Not applicable,N,National,2014-09,,2.28,,A,Normal value,0,Units,2,Two,,
DATAFLOW,OECD.SDD.STES:DSD_STES@DF_FINMARK(4.0),Financial market,I,POL,Poland,M,Monthly,IR3TIB,Short-term interest rates,PA,Percent per annum,_Z,Not applicable,_Z,Not applicable,_Z,Not applicable,_Z,Not applicable,N,National,2014-08,,2.59,,A,Normal value,0,Units,2,Two,,
DATAFLOW,OECD.SDD.STES:DSD_STES@DF_FINMARK(4.0),Financial market,I,POL,Poland,M,Monthly,IR3TIB,Short-term interest rates,PA,Percent per annum,_Z,Not applicable,_Z,Not applicable,_Z,Not applicable,_Z,Not applicable,N,National,2014-07,,2.67,,A,Normal value,0,Units,2,Two,,
DATAFLOW,OECD.SDD.STES:DSD_STES@DF_FINMARK(4.0),Financial market,I,POL,Poland,M,Monthly,IR3TIB,Short-term interest rates,PA,Percent per annum,_Z,Not applicable,_Z,Not applicable,_Z,Not applicable,_Z,Not applicable,N,National,2014-06,,2.68,,A,Normal value,0,Units,2,Two,,
DATAFLOW,OECD.SDD.STES:DSD_STES@DF_FINMARK(4.0),Financial market,I,POL,Poland,M,Monthly,IR3TIB,Short-term interest rates,PA,Percent per annum,_Z,Not applicable,_Z,Not applicable,_Z,Not applicable,_Z,Not applicable,N,National,2014-05,,2.72,,A,Normal value,0,Units,2,Two,,
DATAFLOW,OECD.SDD.STES:DSD_STES@DF_FINMARK(4.0),Financial market,I,POL,Poland,M,Monthly,IR3TIB,Short-term interest rates,PA,Percent per annum,_Z,Not applicable,_Z,Not applicable,_Z,Not applicable,_Z,Not applicable,N,National,2014-04,,2.72,,A,Normal value,0,Units,2,Two,,
DATAFLOW,OECD.SDD.STES:DSD_STES@DF_FINMARK(4.0),Financial market,I,POL,Poland,M,Monthly,IR3TIB,Short-term interest rates,PA,Percent per annum,_Z,Not applicable,_Z,Not applicable,_Z,Not applicable,_Z,Not applicable,N,National,2014-03,,2.71,,A,Normal value,0,Units,2,Two,,
DATAFLOW,OECD.SDD.STES:DSD_STES@DF_FINMARK(4.0),Financial market,I,POL,Poland,M,Monthly,IR3TIB,Short-term interest rates,PA,Percent per annum,_Z,Not applicable,_Z,Not applicable,_Z,Not applicable,_Z,Not applicable,N,National,2014-02,,2.71,,A,Normal value,0,Units,2,Two,,
DATAFLOW,OECD.SDD.STES:DSD_STES@DF_FINMARK(4.0),Financial market,I,POL,Poland,M,Monthly,IR3TIB,Short-term interest rates,PA,Percent per annum,_Z,Not applicable,_Z,Not applicable,_Z,Not applicable,_Z,Not applicable,N,National,2014-01,,2.71,,A,Normal value,0,Units,2,Two,,
DATAFLOW,OECD.SDD.STES:DSD_STES@DF_FINMARK(4.0),Financial market,I,POL,Poland,M,Monthly,IR3TIB,Short-term interest rates,PA,Percent per annum,_Z,Not applicable,_Z,Not applicable,_Z,Not applicable,_Z,Not applicable,N,National,2013-12,,2.71,,A,Normal value,0,Units,2,Two,,
DATAFLOW,OECD.SDD.STES:DSD_STES@DF_FINMARK(4.0),Financial market,I,POL,Poland,M,Monthly,IR3TIB,Short-term interest rates,PA,Percent per annum,_Z,Not applicable,_Z,Not applicable,_Z,Not applicable,_Z,Not applicable,N,National,2013-11,,2.65,,A,Normal value,0,Units,2,Two,,
DATAFLOW,OECD.SDD.STES:DSD_STES@DF_FINMARK(4.0),Financial market,I,POL,Poland,M,Monthly,IR3TIB,Short-term interest rates,PA,Percent per annum,_Z,Not applicable,_Z,Not applicable,_Z,Not applicable,_Z,Not applicable,N,National,2013-10,,2.66,,A,Normal value,0,Units,2,Two,,
DATAFLOW,OECD.SDD.STES:DSD_STES@DF_FINMARK(4.0),Financial market,I,POL,Poland,M,Monthly,IR3TIB,Short-term interest rates,PA,Percent per annum,_Z,Not applicable,_Z,Not applicable,_Z,Not applicable,_Z,Not applicable,N,National,2013-09,,2.67,,A,Normal value,0,Units,2,Two,,
DATAFLOW,OECD.SDD.STES:DSD_STES@DF_FINMARK(4.0),Financial market,I,POL,Poland,M,Monthly,IR3TIB,Short-term interest rates,PA,Percent per annum,_Z,Not applicable,_Z,Not applicable,_Z,Not applicable,_Z,Not applicable,N,National,2013-08,,2.7,,A,Normal value,0,Units,2,Two,,
DATAFLOW,OECD.SDD.STES:DSD_STES@DF_FINMARK(4.0),Financial market,I,POL,Poland,M,Monthly,IR3TIB,Short-term interest rates,PA,Percent per annum,_Z,Not applicable,_Z,Not applicable,_Z,Not applicable,_Z,Not applicable,N,National,2013-07,,2.7,,A,Normal value,0,Units,2,Two,,
DATAFLOW,OECD.SDD.STES:DSD_STES@DF_FINMARK(4.0),Financial market,I,POL,Poland,M,Monthly,IR3TIB,Short-term interest rates,PA,Percent per annum,_Z,Not applicable,_Z,Not applicable,_Z,Not applicable,_Z,Not applicable,N,National,2013-06,,2.73,,A,Normal value,0,Units,2,Two,,
DATAFLOW,OECD.SDD.STES:DSD_STES@DF_FINMARK(4.0),Financial market,I,POL,Poland,M,Monthly,IR3TIB,Short-term interest rates,PA,Percent per annum,_Z,Not applicable,_Z,Not applicable,_Z,Not applicable,_Z,Not applicable,N,National,2013-05,,2.74,,A,Normal value,0,Units,2,Two,,
DATAFLOW,OECD.SDD.STES:DSD_STES@DF_FINMARK(4.0),Financial market,I,POL,Poland,M,Monthly,IR3TIB,Short-term interest rates,PA,Percent per annum,_Z,Not applicable,_Z,Not applicable,_Z,Not applicable,_Z,Not applicable,N,National,2013-04,,3.08,,A,Normal value,0,Units,2,Two,,
DATAFLOW,OECD.SDD.STES:DSD_STES@DF_FINMARK(4.0),Financial market,I,POL,Poland,M,Monthly,IR3TIB,Short-term interest rates,PA,Percent per annum,_Z,Not applicable,_Z,Not applicable,_Z,Not applicable,_Z,Not applicable,N,National,2013-03,,3.39,,A,Normal value,0,Units,2,Two,,
DATAFLOW,OECD.SDD.STES:DSD_STES@DF_FINMARK(4.0),Financial market,I,POL,Poland,M,Monthly,IR3TIB,Short-term interest rates,PA,Percent per annum,_Z,Not applicable,_Z,Not applicable,_Z,Not applicable,_Z,Not applicable,N,National,2013-02,,3.73,,A,Normal value,0,Units,2,Two,,
DATAFLOW,OECD.SDD.STES:DSD_STES@DF_FINMARK(4.0),Financial market,I,POL,Poland,M,Monthly,IR3TIB,Short-term interest rates,PA,Percent per annum,_Z,Not applicable,_Z,Not applicable,_Z,Not applicable,_Z,Not applicable,N,National,2013-01,,3.95,,A,Normal value,0,Units,2,Two,,
DATAFLOW,OECD.SDD.STES:DSD_STES@DF_FINMARK(4.0),Financial market,I,POL,Poland,M,Monthly,IR3TIB,Short-term interest rates,PA,Percent per annum,_Z,Not applicable,_Z,Not applicable,_Z,Not applicable,_Z,Not applicable,N,National,2012-12,,4.11,,A,Normal value,0,Units,2,Two,,
DATAFLOW,OECD.SDD.STES:DSD_STES@DF_FINMARK(4.0),Financial market,I,POL,Poland,M,Monthly,IR3TIB,Short-term interest rates,PA,Percent per annum,_Z,Not applicable,_Z,Not applicable,_Z,Not applicable,_Z,Not applicable,N,National,2012-11,,4.49,,A,Normal value,0,Units,2,Two,,
DATAFLOW,OECD.SDD.STES:DSD_STES@DF_FINMARK(4.0),Financial market,I,POL,Poland,M,Monthly,IR3TIB,Short-term interest rates,PA,Percent per annum,_Z,Not applicable,_Z,Not applicable,_Z,Not applicable,_Z,Not applicable,N,National,2012-10,,4.73,,A,Normal value,0,Units,2,Two,,
DATAFLOW,OECD.SDD.STES:DSD_STES@DF_FINMARK(4.0),Financial market,I,POL,Poland,M,Monthly,IR3TIB,Short-term interest rates,PA,Percent per annum,_Z,Not applicable,_Z,Not applicable,_Z,Not applicable,_Z,Not applicable,N,National,2012-09,,4.92,,A,Normal value,0,Units,2,Two,,
DATAFLOW,OECD.SDD.STES:DSD_STES@DF_FINMARK(4.0),Financial market,I,POL,Poland,M,Monthly,IR3TIB,Short-term interest rates,PA,Percent per annum,_Z,Not applicable,_Z,Not applicable,_Z,Not applicable,_Z,Not applicable,N,National,2012-08,,5.04,,A,Normal value,0,Units,2,Two,,
DATAFLOW,OECD.SDD.STES:DSD_STES@DF_FINMARK(4.0),Financial market,I,POL,Poland,M,Monthly,IR3TIB,Short-term interest rates,PA,Percent per annum,_Z,Not applicable,_Z,Not applicable,_Z,Not applicable,_Z,Not applicable,N,National,2012-07,,5.11,,A,Normal value,0,Units,2,Two,,
DATAFLOW,OECD.SDD.STES:DSD_STES@DF_FINMARK(4.0),Financial market,I,POL,Poland,M,Monthly,IR3TIB,Short-term interest rates,PA,Percent per annum,_Z,Not applicable,_Z,Not applicable,_Z,Not applicable,_Z,Not applicable,N,National,2012-06,,5.13,,A,Normal value,0,Units,2,Two,,
DATAFLOW,OECD.SDD.STES:DSD_STES@DF_FINMARK(4.0),Financial market,I,POL,Poland,M,Monthly,IR3TIB,Short-term interest rates,PA,Percent per annum,_Z,Not applicable,_Z,Not applicable,_Z,Not applicable,_Z,Not applicable,N,National,2012-05,,5.11,,A,Normal value,0,Units,2,Two,,
DATAFLOW,OECD.SDD.STES:DSD_STES@DF_FINMARK(4.0),Financial market,I,POL,Poland,M,Monthly,IR3TIB,Short-term interest rates,PA,Percent per annum,_Z,Not applicable,_Z,Not applicable,_Z,Not applicable,_Z,Not applicable,N,National,2012-04,,4.95,,A,Normal value,0,Units,2,Two,,
DATAFLOW,OECD.SDD.STES:DSD_STES@DF_FINMARK(4.0),Financial market,I,POL,Poland,M,Monthly,IR3TIB,Short-term interest rates,PA,Percent per annum,_Z,Not applicable,_Z,Not applicable,_Z,Not applicable,_Z,Not applicable,N,National,2012-03,,4.94,,A,Normal value,0,Units,2,Two,,
DATAFLOW,OECD.SDD.STES:DSD_STES@DF_FINMARK(4.0),Financial market,I,POL,Poland,M,Monthly,IR3TIB,Short-term interest rates,PA,Percent per annum,_Z,Not applicable,_Z,Not applicable,_Z,Not applicable,_Z,Not applicable,N,National,1997-06,,22.14,,A,Normal value,0,Units,2,Two,,
DATAFLOW,OECD.SDD.STES:DSD_STES@DF_FINMARK(4.0),Financial market,I,POL,Poland,M,Monthly,IR3TIB,Short-term interest rates,PA,Percent per annum,_Z,Not applicable,_Z,Not applicable,_Z,Not applicable,_Z,Not applicable,N,National,2010-09,,3.84,,A,Normal value,0,Units,2,Two,,
DATAFLOW,OECD.SDD.STES:DSD_STES@DF_FINMARK(4.0),Financial market,I,POL,Poland,M,Monthly,IR3TIB,Short-term interest rates,PA,Percent per annum,_Z,Not applicable,_Z,Not applicable,_Z,Not applicable,_Z,Not applicable,N,National,2010-08,,3.81,,A,Normal value,0,Units,2,Two,,
DATAFLOW,OECD.SDD.STES:DSD_STES@DF_FINMARK(4.0),Financial market,I,POL,Poland,M,Monthly,IR3TIB,Short-term interest rates,PA,Percent per annum,_Z,Not applicable,_Z,Not applicable,_Z,Not applicable,_Z,Not applicable,N,National,2010-07,,3.82,,A,Normal value,0,Units,2,Two,,
DATAFLOW,OECD.SDD.STES:DSD_STES@DF_FINMARK(4.0),Financial market,I,POL,Poland,M,Monthly,IR3TIB,Short-term interest rates,PA,Percent per annum,_Z,Not applicable,_Z,Not applicable,_Z,Not applicable,_Z,Not applicable,N,National,2010-06,,3.87,,A,Normal value,0,Units,2,Two,,
DATAFLOW,OECD.SDD.STES:DSD_STES@DF_FINMARK(4.0),Financial market,I,POL,Poland,M,Monthly,IR3TIB,Short-term interest rates,PA,Percent per annum,_Z,Not applicable,_Z,Not applicable,_Z,Not applicable,_Z,Not applicable,N,National,2008-09,,6.63,,A,Normal value,0,Units,2,Two,,
DATAFLOW,OECD.SDD.STES:DSD_STES@DF_FINMARK(4.0),Financial market,I,POL,Poland,M,Monthly,IR3TIB,Short-term interest rates,PA,Percent per annum,_Z,Not applicable,_Z,Not applicable,_Z,Not applicable,_Z,Not applicable,N,National,2008-08,,6.5,,A,Normal value,0,Units,2,Two,,
DATAFLOW,OECD.SDD.STES:DSD_STES@DF_FINMARK(4.0),Financial market,I,POL,Poland,M,Monthly,IR3TIB,Short-term interest rates,PA,Percent per annum,_Z,Not applicable,_Z,Not applicable,_Z,Not applicable,_Z,Not applicable,N,National,2008-07,,6.56,,A,Normal value,0,Units,2,Two,,
DATAFLOW,OECD.SDD.STES:DSD_STES@DF_FINMARK(4.0),Financial market,I,POL,Poland,M,Monthly,IR3TIB,Short-term interest rates,PA,Percent per annum,_Z,Not applicable,_Z,Not applicable,_Z,Not applicable,_Z,Not applicable,N,National,2008-06,,6.65,,A,Normal value,0,Units,2,Two,,
DATAFLOW,OECD.SDD.STES:DSD_STES@DF_FINMARK(4.0),Financial market,I,POL,Poland,M,Monthly,IR3TIB,Short-term interest rates,PA,Percent per annum,_Z,Not applicable,_Z,Not applicable,_Z,Not applicable,_Z,Not applicable,N,National,2008-05,,6.48,,A,Normal value,0,Units,2,Two,,
DATAFLOW,OECD.SDD.STES:DSD_STES@DF_FINMARK(4.0),Financial market,I,POL,Poland,M,Monthly,IR3TIB,Short-term interest rates,PA,Percent per annum,_Z,Not applicable,_Z,Not applicable,_Z,Not applicable,_Z,Not applicable,N,National,2008-04,,6.34,,A,Normal value,0,Units,2,Two,,
DATAFLOW,OECD.SDD.STES:DSD_STES@DF_FINMARK(4.0),Financial market,I,POL,Poland,M,Monthly,IR3TIB,Short-term interest rates,PA,Percent per annum,_Z,Not applicable,_Z,Not applicable,_Z,Not applicable,_Z,Not applicable,N,National,2008-03,,6.15,,A,Normal value,0,Units,2,Two,,
DATAFLOW,OECD.SDD.STES:DSD_STES@DF_FINMARK(4.0),Financial market,I,POL,Poland,M,Monthly,IR3TIB,Short-term interest rates,PA,Percent per annum,_Z,Not applicable,_Z,Not applicable,_Z,Not applicable,_Z,Not applicable,N,National,2008-02,,5.94,,A,Normal value,0,Units,2,Two,,
DATAFLOW,OECD.SDD.STES:DSD_STES@DF_FINMARK(4.0),Financial market,I,POL,Poland,M,Monthly,IR3TIB,Short-term interest rates,PA,Percent per annum,_Z,Not applicable,_Z,Not applicable,_Z,Not applicable,_Z,Not applicable,N,National,2008-01,,5.65,,A,Normal value,0,Units,2,Two,,
DATAFLOW,OECD.SDD.STES:DSD_STES@DF_FINMARK(4.0),Financial market,I,POL,Poland,M,Monthly,IR3TIB,Short-term interest rates,PA,Percent per annum,_Z,Not applicable,_Z,Not applicable,_Z,Not applicable,_Z,Not applicable,N,National,2007-12,,5.68,,A,Normal value,0,Units,2,Two,,
DATAFLOW,OECD.SDD.STES:DSD_STES@DF_FINMARK(4.0),Financial market,I,POL,Poland,M,Monthly,IR3TIB,Short-term interest rates,PA,Percent per annum,_Z,Not applicable,_Z,Not applicable,_Z,Not applicable,_Z,Not applicable,N,National,2007-11,,5.56,,A,Normal value,0,Units,2,Two,,
DATAFLOW,OECD.SDD.STES:DSD_STES@DF_FINMARK(4.0),Financial market,I,POL,Poland,M,Monthly,IR3TIB,Short-term interest rates,PA,Percent per annum,_Z,Not applicable,_Z,Not applicable,_Z,Not applicable,_Z,Not applicable,N,National,2007-10,,5.21,,A,Normal value,0,Units,2,Two,,
DATAFLOW,OECD.SDD.STES:DSD_STES@DF_FINMARK(4.0),Financial market,I,POL,Poland,M,Monthly,IR3TIB,Short-term interest rates,PA,Percent per annum,_Z,Not applicable,_Z,Not applicable,_Z,Not applicable,_Z,Not applicable,N,National,2007-09,,5.01,,A,Normal value,0,Units,2,Two,,
DATAFLOW,OECD.SDD.STES:DSD_STES@DF_FINMARK(4.0),Financial market,I,POL,Poland,M,Monthly,IR3TIB,Short-term interest rates,PA,Percent per annum,_Z,Not applicable,_Z,Not applicable,_Z,Not applicable,_Z,Not applicable,N,National,1999-06,,13.11,,A,Normal value,0,Units,2,Two,,
DATAFLOW,OECD.SDD.STES:DSD_STES@DF_FINMARK(4.0),Financial market,I,POL,Poland,M,Monthly,IR3TIB,Short-term interest rates,PA,Percent per annum,_Z,Not applicable,_Z,Not applicable,_Z,Not applicable,_Z,Not applicable,N,National,1999-05,,13.04,,A,Normal value,0,Units,2,Two,,
DATAFLOW,OECD.SDD.STES:DSD_STES@DF_FINMARK(4.0),Financial market,I,POL,Poland,M,Monthly,IR3TIB,Short-term interest rates,PA,Percent per annum,_Z,Not applicable,_Z,Not applicable,_Z,Not applicable,_Z,Not applicable,N,National,1999-04,,12.95,,A,Normal value,0,Units,2,Two,,
DATAFLOW,OECD.SDD.STES:DSD_STES@DF_FINMARK(4.0),Financial market,I,POL,Poland,M,Monthly,IR3TIB,Short-term interest rates,PA,Percent per annum,_Z,Not applicable,_Z,Not applicable,_Z,Not applicable,_Z,Not applicable,N,National,1999-03,,12.84,,A,Normal value,0,Units,2,Two,,
DATAFLOW,OECD.SDD.STES:DSD_STES@DF_FINMARK(4.0),Financial market,I,POL,Poland,M,Monthly,IR3TIB,Short-term interest rates,PA,Percent per annum,_Z,Not applicable,_Z,Not applicable,_Z,Not applicable,_Z,Not applicable,N,National,1999-02,,12.68,,A,Normal value,0,Units,2,Two,,
DATAFLOW,OECD.SDD.STES:DSD_STES@DF_FINMARK(4.0),Financial market,I,POL,Poland,M,Monthly,IR3TIB,Short-term interest rates,PA,Percent per annum,_Z,Not applicable,_Z,Not applicable,_Z,Not applicable,_Z,Not applicable,N,National,2009-01,,4.86,,A,Normal value,0,Units,2,Two,,
DATAFLOW,OECD.SDD.STES:DSD_STES@DF_FINMARK(4.0),Financial market,I,POL,Poland,M,Monthly,IR3TIB,Short-term interest rates,PA,Percent per annum,_Z,Not applicable,_Z,Not applicable,_Z,Not applicable,_Z,Not applicable,N,National,2008-12,,5.88,,A,Normal value,0,Units,2,Two,,
DATAFLOW,OECD.SDD.STES:DSD_STES@DF_FINMARK(4.0),Financial market,I,POL,Poland,M,Monthly,IR3TIB,Short-term interest rates,PA,Percent per annum,_Z,Not applicable,_Z,Not applicable,_Z,Not applicable,_Z,Not applicable,N,National,2010-05,,3.86,,A,Normal value,0,Units,2,Two,,
DATAFLOW,OECD.SDD.STES:DSD_STES@DF_FINMARK(4.0),Financial market,I,POL,Poland,M,Monthly,IR3TIB,Short-term interest rates,PA,Percent per annum,_Z,Not applicable,_Z,Not applicable,_Z,Not applicable,_Z,Not applicable,N,National,2010-04,,3.86,,A,Normal value,0,Units,2,Two,,
DATAFLOW,OECD.SDD.STES:DSD_STES@DF_FINMARK(4.0),Financial market,I,POL,Poland,M,Monthly,IR3TIB,Short-term interest rates,PA,Percent per annum,_Z,Not applicable,_Z,Not applicable,_Z,Not applicable,_Z,Not applicable,N,National,2010-03,,4.1,,A,Normal value,0,Units,2,Two,,
DATAFLOW,OECD.SDD.STES:DSD_STES@DF_FINMARK(4.0),Financial market,I,POL,Poland,M,Monthly,IR3TIB,Short-term interest rates,PA,Percent per annum,_Z,Not applicable,_Z,Not applicable,_Z,Not applicable,_Z,Not applicable,N,National,2010-02,,4.15,,A,Normal value,0,Units,2,Two,,
DATAFLOW,OECD.SDD.STES:DSD_STES@DF_FINMARK(4.0),Financial market,I,POL,Poland,M,Monthly,IR3TIB,Short-term interest rates,PA,Percent per annum,_Z,Not applicable,_Z,Not applicable,_Z,Not applicable,_Z,Not applicable,N,National,2010-01,,4.19,,A,Normal value,0,Units,2,Two,,
DATAFLOW,OECD.SDD.STES:DSD_STES@DF_FINMARK(4.0),Financial market,I,POL,Poland,M,Monthly,IR3TIB,Short-term interest rates,PA,Percent per annum,_Z,Not applicable,_Z,Not applicable,_Z,Not applicable,_Z,Not applicable,N,National,2009-12,,4.27,,A,Normal value,0,Units,2,Two,,
DATAFLOW,OECD.SDD.STES:DSD_STES@DF_FINMARK(4.0),Financial market,I,POL,Poland,M,Monthly,IR3TIB,Short-term interest rates,PA,Percent per annum,_Z,Not applicable,_Z,Not applicable,_Z,Not applicable,_Z,Not applicable,N,National,2009-11,,4.19,,A,Normal value,0,Units,2,Two,,
DATAFLOW,OECD.SDD.STES:DSD_STES@DF_FINMARK(4.0),Financial market,I,POL,Poland,M,Monthly,IR3TIB,Short-term interest rates,PA,Percent per annum,_Z,Not applicable,_Z,Not applicable,_Z,Not applicable,_Z,Not applicable,N,National,2009-10,,4.18,,A,Normal value,0,Units,2,Two,,
DATAFLOW,OECD.SDD.STES:DSD_STES@DF_FINMARK(4.0),Financial market,I,POL,Poland,M,Monthly,IR3TIB,Short-term interest rates,PA,Percent per annum,_Z,Not applicable,_Z,Not applicable,_Z,Not applicable,_Z,Not applicable,N,National,2009-09,,4.18,,A,Normal value,0,Units,2,Two,,
DATAFLOW,OECD.SDD.STES:DSD_STES@DF_FINMARK(4.0),Financial market,I,POL,Poland,M,Monthly,IR3TIB,Short-term interest rates,PA,Percent per annum,_Z,Not applicable,_Z,Not applicable,_Z,Not applicable,_Z,Not applicable,N,National,2009-08,,4.18,,A,Normal value,0,Units,2,Two,,
DATAFLOW,OECD.SDD.STES:DSD_STES@DF_FINMARK(4.0),Financial market,I,POL,Poland,M,Monthly,IR3TIB,Short-term interest rates,PA,Percent per annum,_Z,Not applicable,_Z,Not applicable,_Z,Not applicable,_Z,Not applicable,N,National,2009-07,,4.17,,A,Normal value,0,Units,2,Two,,
DATAFLOW,OECD.SDD.STES:DSD_STES@DF_FINMARK(4.0),Financial market,I,POL,Poland,M,Monthly,IR3TIB,Short-term interest rates,PA,Percent per annum,_Z,Not applicable,_Z,Not applicable,_Z,Not applicable,_Z,Not applicable,N,National,2009-06,,4.44,,A,Normal value,0,Units,2,Two,,
DATAFLOW,OECD.SDD.STES:DSD_STES@DF_FINMARK(4.0),Financial market,I,POL,Poland,M,Monthly,IR3TIB,Short-term interest rates,PA,Percent per annum,_Z,Not applicable,_Z,Not applicable,_Z,Not applicable,_Z,Not applicable,N,National,2009-05,,4.62,,A,Normal value,0,Units,2,Two,,
DATAFLOW,OECD.SDD.STES:DSD_STES@DF_FINMARK(4.0),Financial market,I,POL,Poland,M,Monthly,IR3TIB,Short-term interest rates,PA,Percent per annum,_Z,Not applicable,_Z,Not applicable,_Z,Not applicable,_Z,Not applicable,N,National,2009-04,,4.3,,A,Normal value,0,Units,2,Two,,
DATAFLOW,OECD.SDD.STES:DSD_STES@DF_FINMARK(4.0),Financial market,I,POL,Poland,M,Monthly,IR3TIB,Short-term interest rates,PA,Percent per annum,_Z,Not applicable,_Z,Not applicable,_Z,Not applicable,_Z,Not applicable,N,National,2009-03,,4.17,,A,Normal value,0,Units,2,Two,,
DATAFLOW,OECD.SDD.STES:DSD_STES@DF_FINMARK(4.0),Financial market,I,POL,Poland,M,Monthly,IR3TIB,Short-term interest rates,PA,Percent per annum,_Z,Not applicable,_Z,Not applicable,_Z,Not applicable,_Z,Not applicable,N,National,2009-02,,4.51,,A,Normal value,0,Units,2,Two,,
DATAFLOW,OECD.SDD.STES:DSD_STES@DF_FINMARK(4.0),Financial market,I,POL,Poland,M,Monthly,IR3TIB,Short-term interest rates,PA,Percent per annum,_Z,Not applicable,_Z,Not applicable,_Z,Not applicable,_Z,Not applicable,N,National,2025-12,,4.06,,A,Normal value,0,Units,2,Two,,
DATAFLOW,OECD.SDD.STES:DSD_STES@DF_FINMARK(4.0),Financial market,I,POL,Poland,M,Monthly,IR3TIB,Short-term interest rates,PA,Percent per annum,_Z,Not applicable,_Z,Not applicable,_Z,Not applicable,_Z,Not applicable,N,National,2025-11,,4.28,,A,Normal value,0,Units,2,Two,,
DATAFLOW,OECD.SDD.STES:DSD_STES@DF_FINMARK(4.0),Financial market,I,POL,Poland,M,Monthly,IR3TIB,Short-term interest rates,PA,Percent per annum,_Z,Not applicable,_Z,Not applicable,_Z,Not applicable,_Z,Not applicable,N,National,2025-10,,4.56,,A,Normal value,0,Units,2,Two,,
DATAFLOW,OECD.SDD.STES:DSD_STES@DF_FINMARK(4.0),Financial market,I,POL,Poland,M,Monthly,IR3TIB,Short-term interest rates,PA,Percent per annum,_Z,Not applicable,_Z,Not applicable,_Z,Not applicable,_Z,Not applicable,N,National,2025-09,,4.75,,A,Normal value,0,Units,2,Two,,
DATAFLOW,OECD.SDD.STES:DSD_STES@DF_FINMARK(4.0),Financial market,I,POL,Poland,M,Monthly,IR3TIB,Short-term interest rates,PA,Percent per annum,_Z,Not applicable,_Z,Not applicable,_Z,Not applicable,_Z,Not applicable,N,National,2025-08,,4.88,,A,Normal value,0,Units,2,Two,,
DATAFLOW,OECD.SDD.STES:DSD_STES@DF_FINMARK(4.0),Financial market,I,POL,Poland,M,Monthly,IR3TIB,Short-term interest rates,PA,Percent per annum,_Z,Not applicable,_Z,Not applicable,_Z,Not applicable,_Z,Not applicable,N,National,2025-07,,5.02,,A,Normal value,0,Units,2,Two,,
DATAFLOW,OECD.SDD.STES:DSD_STES@DF_FINMARK(4.0),Financial market,I,POL,Poland,M,Monthly,IR3TIB,Short-term interest rates,PA,Percent per annum,_Z,Not applicable,_Z,Not applicable,_Z,Not applicable,_Z,Not applicable,N,National,2025-06,,5.22,,A,Normal value,0,Units,2,Two,,
DATAFLOW,OECD.SDD.STES:DSD_STES@DF_FINMARK(4.0),Financial market,I,POL,Poland,M,Monthly,IR3TIB,Short-term interest rates,PA,Percent per annum,_Z,Not applicable,_Z,Not applicable,_Z,Not applicable,_Z,Not applicable,N,National,2025-05,,5.26,,A,Normal value,0,Units,2,Two,,
DATAFLOW,OECD.SDD.STES:DSD_STES@DF_FINMARK(4.0),Financial market,I,POL,Poland,M,Monthly,IR3TIB,Short-term interest rates,PA,Percent per annum,_Z,Not applicable,_Z,Not applicable,_Z,Not applicable,_Z,Not applicable,N,National,2025-04,,5.59,,A,Normal value,0,Units,2,Two,,
DATAFLOW,OECD.SDD.STES:DSD_STES@DF_FINMARK(4.0),Financial market,I,POL,Poland,M,Monthly,IR3TIB,Short-term interest rates,PA,Percent per annum,_Z,Not applicable,_Z,Not applicable,_Z,Not applicable,_Z,Not applicable,N,National,2025-03,,5.85,,A,Normal value,0,Units,2,Two,,
DATAFLOW,OECD.SDD.STES:DSD_STES@DF_FINMARK(4.0),Financial market,I,POL,Poland,M,Monthly,IR3TIB,Short-term interest rates,PA,Percent per annum,_Z,Not applicable,_Z,Not applicable,_Z,Not applicable,_Z,Not applicable,N,National,2025-02,,5.87,,A,Normal value,0,Units,2,Two,,
DATAFLOW,OECD.SDD.STES:DSD_STES@DF_FINMARK(4.0),Financial market,I,POL,Poland,M,Monthly,IR3TIB,Short-term interest rates,PA,Percent per annum,_Z,Not applicable,_Z,Not applicable,_Z,Not applicable,_Z,Not applicable,N,National,2025-01,,5.85,,A,Normal value,0,Units,2,Two,,
DATAFLOW,OECD.SDD.STES:DSD_STES@DF_FINMARK(4.0),Financial market,I,POL,Poland,M,Monthly,IR3TIB,Short-term interest rates,PA,Percent per annum,_Z,Not applicable,_Z,Not applicable,_Z,Not applicable,_Z,Not applicable,N,National,2024-12,,5.85,,A,Normal value,0,Units,2,Two,,
DATAFLOW,OECD.SDD.STES:DSD_STES@DF_FINMARK(4.0),Financial market,I,POL,Poland,M,Monthly,IR3TIB,Short-term interest rates,PA,Percent per annum,_Z,Not applicable,_Z,Not applicable,_Z,Not applicable,_Z,Not applicable,N,National,2024-11,,5.85,,A,Normal value,0,Units,2,Two,,
DATAFLOW,OECD.SDD.STES:DSD_STES@DF_FINMARK(4.0),Financial market,I,POL,Poland,M,Monthly,IR3TIB,Short-term interest rates,PA,Percent per annum,_Z,Not applicable,_Z,Not applicable,_Z,Not applicable,_Z,Not applicable,N,National,2024-10,,5.85,,A,Normal value,0,Units,2,Two,,
DATAFLOW,OECD.SDD.STES:DSD_STES@DF_FINMARK(4.0),Financial market,I,POL,Poland,M,Monthly,IR3TIB,Short-term interest rates,PA,Percent per annum,_Z,Not applicable,_Z,Not applicable,_Z,Not applicable,_Z,Not applicable,N,National,2024-09,,5.85,,A,Normal value,0,Units,2,Two,,
DATAFLOW,OECD.SDD.STES:DSD_STES@DF_FINMARK(4.0),Financial market,I,POL,Poland,M,Monthly,IR3TIB,Short-term interest rates,PA,Percent per annum,_Z,Not applicable,_Z,Not applicable,_Z,Not applicable,_Z,Not applicable,N,National,2024-08,,5.85,,A,Normal value,0,Units,2,Two,,
DATAFLOW,OECD.SDD.STES:DSD_STES@DF_FINMARK(4.0),Financial market,I,POL,Poland,M,Monthly,IR3TIB,Short-term interest rates,PA,Percent per annum,_Z,Not applicable,_Z,Not applicable,_Z,Not applicable,_Z,Not applicable,N,National,2024-07,,5.86,,A,Normal value,0,Units,2,Two,,
DATAFLOW,OECD.SDD.STES:DSD_STES@DF_FINMARK(4.0),Financial market,I,POL,Poland,M,Monthly,IR3TIB,Short-term interest rates,PA,Percent per annum,_Z,Not applicable,_Z,Not applicable,_Z,Not applicable,_Z,Not applicable,N,National,2024-06,,5.84,,A,Normal value,0,Units,2,Two,,
DATAFLOW,OECD.SDD.STES:DSD_STES@DF_FINMARK(4.0),Financial market,I,POL,Poland,M,Monthly,IR3TIB,Short-term interest rates,PA,Percent per annum,_Z,Not applicable,_Z,Not applicable,_Z,Not applicable,_Z,Not applicable,N,National,2024-05,,5.85,,A,Normal value,0,Units,2,Two,,
DATAFLOW,OECD.SDD.STES:DSD_STES@DF_FINMARK(4.0),Financial market,I,POL,Poland,M,Monthly,IR3TIB,Short-term interest rates,PA,Percent per annum,_Z,Not applicable,_Z,Not applicable,_Z,Not applicable,_Z,Not applicable,N,National,2024-04,,5.86,,A,Normal value,0,Units,2,Two,,
DATAFLOW,OECD.SDD.STES:DSD_STES@DF_FINMARK(4.0),Financial market,I,POL,Poland,M,Monthly,IR3TIB,Short-term interest rates,PA,Percent per annum,_Z,Not applicable,_Z,Not applicable,_Z,Not applicable,_Z,Not applicable,N,National,2024-03,,5.86,,A,Normal value,0,Units,2,Two,,
DATAFLOW,OECD.SDD.STES:DSD_STES@DF_FINMARK(4.0),Financial market,I,POL,Poland,M,Monthly,IR3TIB,Short-term interest rates,PA,Percent per annum,_Z,Not applicable,_Z,Not applicable,_Z,Not applicable,_Z,Not applicable,N,National,2024-02,,5.86,,A,Normal value,0,Units,2,Two,,
DATAFLOW,OECD.SDD.STES:DSD_STES@DF_FINMARK(4.0),Financial market,I,POL,Poland,M,Monthly,IR3TIB,Short-term interest rates,PA,Percent per annum,_Z,Not applicable,_Z,Not applicable,_Z,Not applicable,_Z,Not applicable,N,National,2024-01,,5.87,,A,Normal value,0,Units,2,Two,,
DATAFLOW,OECD.SDD.STES:DSD_STES@DF_FINMARK(4.0),Financial market,I,POL,Poland,M,Monthly,IR3TIB,Short-term interest rates,PA,Percent per annum,_Z,Not applicable,_Z,Not applicable,_Z,Not applicable,_Z,Not applicable,N,National,2023-12,,5.85,,A,Normal value,0,Units,2,Two,,
DATAFLOW,OECD.SDD.STES:DSD_STES@DF_FINMARK(4.0),Financial market,I,POL,Poland,M,Monthly,IR3TIB,Short-term interest rates,PA,Percent per annum,_Z,Not applicable,_Z,Not applicable,_Z,Not applicable,_Z,Not applicable,N,National,2023-11,,5.77,,A,Normal value,0,Units,2,Two,,
DATAFLOW,OECD.SDD.STES:DSD_STES@DF_FINMARK(4.0),Financial market,I,POL,Poland,M,Monthly,IR3TIB,Short-term interest rates,PA,Percent per annum,_Z,Not applicable,_Z,Not applicable,_Z,Not applicable,_Z,Not applicable,N,National,2023-10,,5.68,,A,Normal value,0,Units,2,Two,,
DATAFLOW,OECD.SDD.STES:DSD_STES@DF_FINMARK(4.0),Financial market,I,POL,Poland,M,Monthly,IR3TIB,Short-term interest rates,PA,Percent per annum,_Z,Not applicable,_Z,Not applicable,_Z,Not applicable,_Z,Not applicable,N,National,2023-09,,5.99,,A,Normal value,0,Units,2,Two,,
DATAFLOW,OECD.SDD.STES:DSD_STES@DF_FINMARK(4.0),Financial market,I,POL,Poland,M,Monthly,IR3TIB,Short-term interest rates,PA,Percent per annum,_Z,Not applicable,_Z,Not applicable,_Z,Not applicable,_Z,Not applicable,N,National,2023-08,,6.69,,A,Normal value,0,Units,2,Two,,
DATAFLOW,OECD.SDD.STES:DSD_STES@DF_FINMARK(4.0),Financial market,I,POL,Poland,M,Monthly,IR3TIB,Short-term interest rates,PA,Percent per annum,_Z,Not applicable,_Z,Not applicable,_Z,Not applicable,_Z,Not applicable,N,National,2023-06,,6.9,,A,Normal value,0,Units,2,Two,,
DATAFLOW,OECD.SDD.STES:DSD_STES@DF_FINMARK(4.0),Financial market,I,POL,Poland,M,Monthly,IR3TIB,Short-term interest rates,PA,Percent per annum,_Z,Not applicable,_Z,Not applicable,_Z,Not applicable,_Z,Not applicable,N,National,2023-05,,6.9,,A,Normal value,0,Units,2,Two,,
DATAFLOW,OECD.SDD.STES:DSD_STES@DF_FINMARK(4.0),Financial market,I,POL,Poland,M,Monthly,IR3TIB,Short-term interest rates,PA,Percent per annum,_Z,Not applicable,_Z,Not applicable,_Z,Not applicable,_Z,Not applicable,N,National,2023-04,,6.9,,A,Normal value,0,Units,2,Two,,
DATAFLOW,OECD.SDD.STES:DSD_STES@DF_FINMARK(4.0),Financial market,I,POL,Poland,M,Monthly,IR3TIB,Short-term interest rates,PA,Percent per annum,_Z,Not applicable,_Z,Not applicable,_Z,Not applicable,_Z,Not applicable,N,National,2023-03,,6.89,,A,Normal value,0,Units,2,Two,,
DATAFLOW,OECD.SDD.STES:DSD_STES@DF_FINMARK(4.0),Financial market,I,POL,Poland,M,Monthly,IR3TIB,Short-term interest rates,PA,Percent per annum,_Z,Not applicable,_Z,Not applicable,_Z,Not applicable,_Z,Not applicable,N,National,2003-04,,5.91,,A,Normal value,0,Units,2,Two,,
DATAFLOW,OECD.SDD.STES:DSD_STES@DF_FINMARK(4.0),Financial market,I,POL,Poland,M,Monthly,IR3TIB,Short-term interest rates,PA,Percent per annum,_Z,Not applicable,_Z,Not applicable,_Z,Not applicable,_Z,Not applicable,N,National,2003-03,,5.98,,A,Normal value,0,Units,2,Two,,
DATAFLOW,OECD.SDD.STES:DSD_STES@DF_FINMARK(4.0),Financial market,I,POL,Poland,M,Monthly,IR3TIB,Short-term interest rates,PA,Percent per annum,_Z,Not applicable,_Z,Not applicable,_Z,Not applicable,_Z,Not applicable,N,National,2003-02,,6.27,,A,Normal value,0,Units,2,Two,,
DATAFLOW,OECD.SDD.STES:DSD_STES@DF_FINMARK(4.0),Financial market,I,POL,Poland,M,Monthly,IR3TIB,Short-term interest rates,PA,Percent per annum,_Z,Not applicable,_Z,Not applicable,_Z,Not applicable,_Z,Not applicable,N,National,2003-01,,6.47,,A,Normal value,0,Units,2,Two,,
DATAFLOW,OECD.SDD.STES:DSD_STES@DF_FINMARK(4.0),Financial market,I,POL,Poland,M,Monthly,IR3TIB,Short-term interest rates,PA,Percent per annum,_Z,Not applicable,_Z,Not applicable,_Z,Not applicable,_Z,Not applicable,N,National,2002-12,,6.87,,A,Normal value,0,Units,2,Two,,
DATAFLOW,OECD.SDD.STES:DSD_STES@DF_FINMARK(4.0),Financial market,I,POL,Poland,M,Monthly,IR3TIB,Short-term interest rates,PA,Percent per annum,_Z,Not applicable,_Z,Not applicable,_Z,Not applicable,_Z,Not applicable,N,National,2002-11,,6.76,,A,Normal value,0,Units,2,Two,,
DATAFLOW,OECD.SDD.STES:DSD_STES@DF_FINMARK(4.0),Financial market,I,POL,Poland,M,Monthly,IR3TIB,Short-term interest rates,PA,Percent per annum,_Z,Not applicable,_Z,Not applicable,_Z,Not applicable,_Z,Not applicable,N,National,2002-10,,7.02,,A,Normal value,0,Units,2,Two,,
DATAFLOW,OECD.SDD.STES:DSD_STES@DF_FINMARK(4.0),Financial market,I,POL,Poland,M,Monthly,IR3TIB,Short-term interest rates,PA,Percent per annum,_Z,Not applicable,_Z,Not applicable,_Z,Not applicable,_Z,Not applicable,N,National,2002-09,,7.73,,A,Normal value,0,Units,2,Two,,
DATAFLOW,OECD.SDD.STES:DSD_STES@DF_FINMARK(4.0),Financial market,I,POL,Poland,M,Monthly,IR3TIB,Short-term interest rates,PA,Percent per annum,_Z,Not applicable,_Z,Not applicable,_Z,Not applicable,_Z,Not applicable,N,National,2002-08,,8.33,,A,Normal value,0,Units,2,Two,,
DATAFLOW,OECD.SDD.STES:DSD_STES@DF_FINMARK(4.0),Financial market,I,POL,Poland,M,Monthly,IR3TIB,Short-term interest rates,PA,Percent per annum,_Z,Not applicable,_Z,Not applicable,_Z,Not applicable,_Z,Not applicable,N,National,2002-07,,8.69,,A,Normal value,0,Units,2,Two,,
DATAFLOW,OECD.SDD.STES:DSD_STES@DF_FINMARK(4.0),Financial market,I,POL,Poland,M,Monthly,IR3TIB,Short-term interest rates,PA,Percent per annum,_Z,Not applicable,_Z,Not applicable,_Z,Not applicable,_Z,Not applicable,N,National,2002-06,,8.97,,A,Normal value,0,Units,2,Two,,
DATAFLOW,OECD.SDD.STES:DSD_STES@DF_FINMARK(4.0),Financial market,I,POL,Poland,M,Monthly,IR3TIB,Short-term interest rates,PA,Percent per annum,_Z,Not applicable,_Z,Not applicable,_Z,Not applicable,_Z,Not applicable,N,National,2002-05,,9.6,,A,Normal value,0,Units,2,Two,,
DATAFLOW,OECD.SDD.STES:DSD_STES@DF_FINMARK(4.0),Financial market,I,POL,Poland,M,Monthly,IR3TIB,Short-term interest rates,PA,Percent per annum,_Z,Not applicable,_Z,Not applicable,_Z,Not applicable,_Z,Not applicable,N,National,2022-10,,7.51,,A,Normal value,0,Units,2,Two,,
DATAFLOW,OECD.SDD.STES:DSD_STES@DF_FINMARK(4.0),Financial market,I,POL,Poland,M,Monthly,IR3TIB,Short-term interest rates,PA,Percent per annum,_Z,Not applicable,_Z,Not applicable,_Z,Not applicable,_Z,Not applicable,N,National,2003-10,,5.86,,A,Normal value,0,Units,2,Two,,
DATAFLOW,OECD.SDD.STES:DSD_STES@DF_FINMARK(4.0),Financial market,I,POL,Poland,M,Monthly,IR3TIB,Short-term interest rates,PA,Percent per annum,_Z,Not applicable,_Z,Not applicable,_Z,Not applicable,_Z,Not applicable,N,National,2003-09,,5.24,,A,Normal value,0,Units,2,Two,,
DATAFLOW,OECD.SDD.STES:DSD_STES@DF_FINMARK(4.0),Financial market,I,POL,Poland,M,Monthly,IR3TIB,Short-term interest rates,PA,Percent per annum,_Z,Not applicable,_Z,Not applicable,_Z,Not applicable,_Z,Not applicable,N,National,2003-08,,5.14,,A,Normal value,0,Units,2,Two,,
DATAFLOW,OECD.SDD.STES:DSD_STES@DF_FINMARK(4.0),Financial market,I,POL,Poland,M,Monthly,IR3TIB,Short-term interest rates,PA,Percent per annum,_Z,Not applicable,_Z,Not applicable,_Z,Not applicable,_Z,Not applicable,N,National,2003-07,,5.24,,A,Normal value,0,Units,2,Two,,
DATAFLOW,OECD.SDD.STES:DSD_STES@DF_FINMARK(4.0),Financial market,I,POL,Poland,M,Monthly,IR3TIB,Short-term interest rates,PA,Percent per annum,_Z,Not applicable,_Z,Not applicable,_Z,Not applicable,_Z,Not applicable,N,National,2003-06,,5.32,,A,Normal value,0,Units,2,Two,,
DATAFLOW,OECD.SDD.STES:DSD_STES@DF_FINMARK(4.0),Financial market,I,POL,Poland,M,Monthly,IR3TIB,Short-term interest rates,PA,Percent per annum,_Z,Not applicable,_Z,Not applicable,_Z,Not applicable,_Z,Not applicable,N,National,2003-05,,5.4,,A,Normal value,0,Units,2,Two,,
DATAFLOW,OECD.SDD.STES:DSD_STES@DF_FINMARK(4.0),Financial market,I,POL,Poland,M,Monthly,IR3TIB,Short-term interest rates,PA,Percent per annum,_Z,Not applicable,_Z,Not applicable,_Z,Not applicable,_Z,Not applicable,N,National,1998-01,,24.98,,A,Normal value,0,Units,2,Two,,
DATAFLOW,OECD.SDD.STES:DSD_STES@DF_FINMARK(4.0),Financial market,I,POL,Poland,M,Monthly,IR3TIB,Short-term interest rates,PA,Percent per annum,_Z,Not applicable,_Z,Not applicable,_Z,Not applicable,_Z,Not applicable,N,National,1997-12,,24.43,,A,Normal value,0,Units,2,Two,,
DATAFLOW,OECD.SDD.STES:DSD_STES@DF_FINMARK(4.0),Financial market,I,POL,Poland,M,Monthly,IR3TIB,Short-term interest rates,PA,Percent per annum,_Z,Not applicable,_Z,Not applicable,_Z,Not applicable,_Z,Not applicable,N,National,1997-11,,24.35,,A,Normal value,0,Units,2,Two,,
DATAFLOW,OECD.SDD.STES:DSD_STES@DF_FINMARK(4.0),Financial market,I,POL,Poland,M,Monthly,IR3TIB,Short-term interest rates,PA,Percent per annum,_Z,Not applicable,_Z,Not applicable,_Z,Not applicable,_Z,Not applicable,N,National,1997-10,,24.15,,A,Normal value,0,Units,2,Two,,
DATAFLOW,OECD.SDD.STES:DSD_STES@DF_FINMARK(4.0),Financial market,I,POL,Poland,M,Monthly,IR3TIB,Short-term interest rates,PA,Percent per annum,_Z,Not applicable,_Z,Not applicable,_Z,Not applicable,_Z,Not applicable,N,National,1997-09,,24.23,,A,Normal value,0,Units,2,Two,,
DATAFLOW,OECD.SDD.STES:DSD_STES@DF_FINMARK(4.0),Financial market,I,POL,Poland,M,Monthly,IR3TIB,Short-term interest rates,PA,Percent per annum,_Z,Not applicable,_Z,Not applicable,_Z,Not applicable,_Z,Not applicable,N,National,1997-08,,24.09,,A,Normal value,0,Units,2,Two,,
DATAFLOW,OECD.SDD.STES:DSD_STES@DF_FINMARK(4.0),Financial market,I,POL,Poland,M,Monthly,IR3TIB,Short-term interest rates,PA,Percent per annum,_Z,Not applicable,_Z,Not applicable,_Z,Not applicable,_Z,Not applicable,N,National,2002-04,,10.1,,A,Normal value,0,Units,2,Two,,
DATAFLOW,OECD.SDD.STES:DSD_STES@DF_FINMARK(4.0),Financial market,I,POL,Poland,M,Monthly,IR3TIB,Short-term interest rates,PA,Percent per annum,_Z,Not applicable,_Z,Not applicable,_Z,Not applicable,_Z,Not applicable,N,National,2022-05,,6.59,,A,Normal value,0,Units,2,Two,,
DATAFLOW,OECD.SDD.STES:DSD_STES@DF_FINMARK(4.0),Financial market,I,POL,Poland,M,Monthly,IR3TIB,Short-term interest rates,PA,Percent per annum,_Z,Not applicable,_Z,Not applicable,_Z,Not applicable,_Z,Not applicable,N,National,2003-12,,5.6,,A,Normal value,0,Units,2,Two,,
DATAFLOW,OECD.SDD.STES:DSD_STES@DF_FINMARK(4.0),Financial market,I,POL,Poland,M,Monthly,IR3TIB,Short-term interest rates,PA,Percent per annum,_Z,Not applicable,_Z,Not applicable,_Z,Not applicable,_Z,Not applicable,N,National,2003-11,,5.83,,A,Normal value,0,Units,2,Two,,
DATAFLOW,OECD.SDD.STES:DSD_STES@DF_FINMARK(4.0),Financial market,I,POL,Poland,M,Monthly,IR3TIB,Short-term interest rates,PA,Percent per annum,_Z,Not applicable,_Z,Not applicable,_Z,Not applicable,_Z,Not applicable,N,National,1998-03,,24.19,,A,Normal value,0,Units,2,Two,,
DATAFLOW,OECD.SDD.STES:DSD_STES@DF_FINMARK(4.0),Financial market,I,POL,Poland,M,Monthly,IR3TIB,Short-term interest rates,PA,Percent per annum,_Z,Not applicable,_Z,Not applicable,_Z,Not applicable,_Z,Not applicable,N,National,1998-02,,23.59,,A,Normal value,0,Units,2,Two,,
DATAFLOW,OECD.SDD.STES:DSD_STES@DF_FINMARK(4.0),Financial market,I,POL,Poland,M,Monthly,IR3TIB,Short-term interest rates,PA,Percent per annum,_Z,Not applicable,_Z,Not applicable,_Z,Not applicable,_Z,Not applicable,N,National,2023-07,,6.76,,A,Normal value,0,Units,2,Two,,
DATAFLOW,OECD.SDD.STES:DSD_STES@DF_FINMARK(4.0),Financial market,I,POL,Poland,M,Monthly,IR3TIB,Short-term interest rates,PA,Percent per annum,_Z,Not applicable,_Z,Not applicable,_Z,Not applicable,_Z,Not applicable,N,National,2023-02,,6.94,,A,Normal value,0,Units,2,Two,,
DATAFLOW,OECD.SDD.STES:DSD_STES@DF_FINMARK(4.0),Financial market,I,POL,Poland,M,Monthly,IR3TIB,Short-term interest rates,PA,Percent per annum,_Z,Not applicable,_Z,Not applicable,_Z,Not applicable,_Z,Not applicable,N,National,2023-01,,6.95,,A,Normal value,0,Units,2,Two,,
DATAFLOW,OECD.SDD.STES:DSD_STES@DF_FINMARK(4.0),Financial market,I,POL,Poland,M,Monthly,IR3TIB,Short-term interest rates,PA,Percent per annum,_Z,Not applicable,_Z,Not applicable,_Z,Not applicable,_Z,Not applicable,N,National,2022-12,,7.02,,A,Normal value,0,Units,2,Two,,
DATAFLOW,OECD.SDD.STES:DSD_STES@DF_FINMARK(4.0),Financial market,I,POL,Poland,M,Monthly,IR3TIB,Short-term interest rates,PA,Percent per annum,_Z,Not applicable,_Z,Not applicable,_Z,Not applicable,_Z,Not applicable,N,National,2002-03,,10.34,,A,Normal value,0,Units,2,Two,,
DATAFLOW,OECD.SDD.STES:DSD_STES@DF_FINMARK(4.0),Financial market,I,POL,Poland,M,Monthly,IR3TIB,Short-term interest rates,PA,Percent per annum,_Z,Not applicable,_Z,Not applicable,_Z,Not applicable,_Z,Not applicable,N,National,2021-12,,2.54,,A,Normal value,0,Units,2,Two,,
DATAFLOW,OECD.SDD.STES:DSD_STES@DF_FINMARK(4.0),Financial market,I,POL,Poland,M,Monthly,IR3TIB,Short-term interest rates,PA,Percent per annum,_Z,Not applicable,_Z,Not applicable,_Z,Not applicable,_Z,Not applicable,N,National,2021-11,,2.06,,A,Normal value,0,Units,2,Two,,
DATAFLOW,OECD.SDD.STES:DSD_STES@DF_FINMARK(4.0),Financial market,I,POL,Poland,M,Monthly,IR3TIB,Short-term interest rates,PA,Percent per annum,_Z,Not applicable,_Z,Not applicable,_Z,Not applicable,_Z,Not applicable,N,National,2021-10,,0.74,,A,Normal value,0,Units,2,Two,,
DATAFLOW,OECD.SDD.STES:DSD_STES@DF_FINMARK(4.0),Financial market,I,POL,Poland,M,Monthly,IR3TIB,Short-term interest rates,PA,Percent per annum,_Z,Not applicable,_Z,Not applicable,_Z,Not applicable,_Z,Not applicable,N,National,2021-09,,0.23,,A,Normal value,0,Units,2,Two,,
DATAFLOW,OECD.SDD.STES:DSD_STES@DF_FINMARK(4.0),Financial market,I,POL,Poland,M,Monthly,IR3TIB,Short-term interest rates,PA,Percent per annum,_Z,Not applicable,_Z,Not applicable,_Z,Not applicable,_Z,Not applicable,N,National,2021-08,,0.22,,A,Normal value,0,Units,2,Two,,
DATAFLOW,OECD.SDD.STES:DSD_STES@DF_FINMARK(4.0),Financial market,I,POL,Poland,M,Monthly,IR3TIB,Short-term interest rates,PA,Percent per annum,_Z,Not applicable,_Z,Not applicable,_Z,Not applicable,_Z,Not applicable,N,National,2021-07,,0.21,,A,Normal value,0,Units,2,Two,,
DATAFLOW,OECD.SDD.STES:DSD_STES@DF_FINMARK(4.0),Financial market,I,POL,Poland,M,Monthly,IR3TIB,Short-term interest rates,PA,Percent per annum,_Z,Not applicable,_Z,Not applicable,_Z,Not applicable,_Z,Not applicable,N,National,2021-06,,0.21,,A,Normal value,0,Units,2,Two,,
DATAFLOW,OECD.SDD.STES:DSD_STES@DF_FINMARK(4.0),Financial market,I,POL,Poland,M,Monthly,IR3TIB,Short-term interest rates,PA,Percent per annum,_Z,Not applicable,_Z,Not applicable,_Z,Not applicable,_Z,Not applicable,N,National,2021-05,,0.21,,A,Normal value,0,Units,2,Two,,
DATAFLOW,OECD.SDD.STES:DSD_STES@DF_FINMARK(4.0),Financial market,I,POL,Poland,M,Monthly,IR3TIB,Short-term interest rates,PA,Percent per annum,_Z,Not applicable,_Z,Not applicable,_Z,Not applicable,_Z,Not applicable,N,National,2021-04,,0.21,,A,Normal value,0,Units,2,Two,,
DATAFLOW,OECD.SDD.STES:DSD_STES@DF_FINMARK(4.0),Financial market,I,POL,Poland,M,Monthly,IR3TIB,Short-term interest rates,PA,Percent per annum,_Z,Not applicable,_Z,Not applicable,_Z,Not applicable,_Z,Not applicable,N,National,2021-03,,0.21,,A,Normal value,0,Units,2,Two,,
DATAFLOW,OECD.SDD.STES:DSD_STES@DF_FINMARK(4.0),Financial market,I,POL,Poland,M,Monthly,IR3TIB,Short-term interest rates,PA,Percent per annum,_Z,Not applicable,_Z,Not applicable,_Z,Not applicable,_Z,Not applicable,N,National,2021-02,,0.21,,A,Normal value,0,Units,2,Two,,
DATAFLOW,OECD.SDD.STES:DSD_STES@DF_FINMARK(4.0),Financial market,I,POL,Poland,M,Monthly,IR3TIB,Short-term interest rates,PA,Percent per annum,_Z,Not applicable,_Z,Not applicable,_Z,Not applicable,_Z,Not applicable,N,National,2021-01,,0.21,,A,Normal value,0,Units,2,Two,,
DATAFLOW,OECD.SDD.STES:DSD_STES@DF_FINMARK(4.0),Financial market,I,POL,Poland,M,Monthly,IR3TIB,Short-term interest rates,PA,Percent per annum,_Z,Not applicable,_Z,Not applicable,_Z,Not applicable,_Z,Not applicable,N,National,2020-12,,0.21,,A,Normal value,0,Units,2,Two,,
DATAFLOW,OECD.SDD.STES:DSD_STES@DF_FINMARK(4.0),Financial market,I,POL,Poland,M,Monthly,IR3TIB,Short-term interest rates,PA,Percent per annum,_Z,Not applicable,_Z,Not applicable,_Z,Not applicable,_Z,Not applicable,N,National,2020-11,,0.22,,A,Normal value,0,Units,2,Two,,
DATAFLOW,OECD.SDD.STES:DSD_STES@DF_FINMARK(4.0),Financial market,I,POL,Poland,M,Monthly,IR3TIB,Short-term interest rates,PA,Percent per annum,_Z,Not applicable,_Z,Not applicable,_Z,Not applicable,_Z,Not applicable,N,National,2020-10,,0.22,,A,Normal value,0,Units,2,Two,,
DATAFLOW,OECD.SDD.STES:DSD_STES@DF_FINMARK(4.0),Financial market,I,POL,Poland,M,Monthly,IR3TIB,Short-term interest rates,PA,Percent per annum,_Z,Not applicable,_Z,Not applicable,_Z,Not applicable,_Z,Not applicable,N,National,2020-09,,0.22,,A,Normal value,0,Units,2,Two,,
DATAFLOW,OECD.SDD.STES:DSD_STES@DF_FINMARK(4.0),Financial market,I,POL,Poland,M,Monthly,IR3TIB,Short-term interest rates,PA,Percent per annum,_Z,Not applicable,_Z,Not applicable,_Z,Not applicable,_Z,Not applicable,N,National,2020-08,,0.23,,A,Normal value,0,Units,2,Two,,
DATAFLOW,OECD.SDD.STES:DSD_STES@DF_FINMARK(4.0),Financial market,I,POL,Poland,M,Monthly,IR3TIB,Short-term interest rates,PA,Percent per annum,_Z,Not applicable,_Z,Not applicable,_Z,Not applicable,_Z,Not applicable,N,National,2020-07,,0.23,,A,Normal value,0,Units,2,Two,,
DATAFLOW,OECD.SDD.STES:DSD_STES@DF_FINMARK(4.0),Financial market,I,POL,Poland,M,Monthly,IR3TIB,Short-term interest rates,PA,Percent per annum,_Z,Not applicable,_Z,Not applicable,_Z,Not applicable,_Z,Not applicable,N,National,2020-06,,0.26,,A,Normal value,0,Units,2,Two,,
DATAFLOW,OECD.SDD.STES:DSD_STES@DF_FINMARK(4.0),Financial market,I,POL,Poland,M,Monthly,IR3TIB,Short-term interest rates,PA,Percent per annum,_Z,Not applicable,_Z,Not applicable,_Z,Not applicable,_Z,Not applicable,N,National,2020-05,,0.28,,A,Normal value,0,Units,2,Two,,
DATAFLOW,OECD.SDD.STES:DSD_STES@DF_FINMARK(4.0),Financial market,I,POL,Poland,M,Monthly,IR3TIB,Short-term interest rates,PA,Percent per annum,_Z,Not applicable,_Z,Not applicable,_Z,Not applicable,_Z,Not applicable,N,National,2020-04,,0.68,,A,Normal value,0,Units,2,Two,,
DATAFLOW,OECD.SDD.STES:DSD_STES@DF_FINMARK(4.0),Financial market,I,POL,Poland,M,Monthly,IR3TIB,Short-term interest rates,PA,Percent per annum,_Z,Not applicable,_Z,Not applicable,_Z,Not applicable,_Z,Not applicable,N,National,2020-03,,1.17,,A,Normal value,0,Units,2,Two,,
DATAFLOW,OECD.SDD.STES:DSD_STES@DF_FINMARK(4.0),Financial market,I,POL,Poland,M,Monthly,IR3TIB,Short-term interest rates,PA,Percent per annum,_Z,Not applicable,_Z,Not applicable,_Z,Not applicable,_Z,Not applicable,N,National,2020-02,,1.71,,A,Normal value,0,Units,2,Two,,
DATAFLOW,OECD.SDD.STES:DSD_STES@DF_FINMARK(4.0),Financial market,I,POL,Poland,M,Monthly,IR3TIB,Short-term interest rates,PA,Percent per annum,_Z,Not applicable,_Z,Not applicable,_Z,Not applicable,_Z,Not applicable,N,National,2020-01,,1.71,,A,Normal value,0,Units,2,Two,,
DATAFLOW,OECD.SDD.STES:DSD_STES@DF_FINMARK(4.0),Financial market,I,POL,Poland,M,Monthly,IR3TIB,Short-term interest rates,PA,Percent per annum,_Z,Not applicable,_Z,Not applicable,_Z,Not applicable,_Z,Not applicable,N,National,2019-12,,1.71,,A,Normal value,0,Units,2,Two,,
DATAFLOW,OECD.SDD.STES:DSD_STES@DF_FINMARK(4.0),Financial market,I,POL,Poland,M,Monthly,IR3TIB,Short-term interest rates,PA,Percent per annum,_Z,Not applicable,_Z,Not applicable,_Z,Not applicable,_Z,Not applicable,N,National,2019-11,,1.71,,A,Normal value,0,Units,2,Two,,
DATAFLOW,OECD.SDD.STES:DSD_STES@DF_FINMARK(4.0),Financial market,I,POL,Poland,M,Monthly,IR3TIB,Short-term interest rates,PA,Percent per annum,_Z,Not applicable,_Z,Not applicable,_Z,Not applicable,_Z,Not applicable,N,National,2019-10,,1.71,,A,Normal value,0,Units,2,Two,,
DATAFLOW,OECD.SDD.STES:DSD_STES@DF_FINMARK(4.0),Financial market,I,POL,Poland,M,Monthly,IR3TIB,Short-term interest rates,PA,Percent per annum,_Z,Not applicable,_Z,Not applicable,_Z,Not applicable,_Z,Not applicable,N,National,2011-11,,4.97,,A,Normal value,0,Units,2,Two,,
DATAFLOW,OECD.SDD.STES:DSD_STES@DF_FINMARK(4.0),Financial market,I,POL,Poland,M,Monthly,IR3TIB,Short-term interest rates,PA,Percent per annum,_Z,Not applicable,_Z,Not applicable,_Z,Not applicable,_Z,Not applicable,N,National,2011-10,,4.91,,A,Normal value,0,Units,2,Two,,
DATAFLOW,OECD.SDD.STES:DSD_STES@DF_FINMARK(4.0),Financial market,I,POL,Poland,M,Monthly,IR3TIB,Short-term interest rates,PA,Percent per annum,_Z,Not applicable,_Z,Not applicable,_Z,Not applicable,_Z,Not applicable,N,National,2011-09,,4.76,,A,Normal value,0,Units,2,Two,,
DATAFLOW,OECD.SDD.STES:DSD_STES@DF_FINMARK(4.0),Financial market,I,POL,Poland,M,Monthly,IR3TIB,Short-term interest rates,PA,Percent per annum,_Z,Not applicable,_Z,Not applicable,_Z,Not applicable,_Z,Not applicable,N,National,1999-12,,19.5,,A,Normal value,0,Units,2,Two,,
DATAFLOW,OECD.SDD.STES:DSD_STES@DF_FINMARK(4.0),Financial market,I,POL,Poland,M,Monthly,IR3TIB,Short-term interest rates,PA,Percent per annum,_Z,Not applicable,_Z,Not applicable,_Z,Not applicable,_Z,Not applicable,N,National,1999-11,,18.59,,A,Normal value,0,Units,2,Two,,
DATAFLOW,OECD.SDD.STES:DSD_STES@DF_FINMARK(4.0),Financial market,I,POL,Poland,M,Monthly,IR3TIB,Short-term interest rates,PA,Percent per annum,_Z,Not applicable,_Z,Not applicable,_Z,Not applicable,_Z,Not applicable,N,National,1999-10,,17.42,,A,Normal value,0,Units,2,Two,,
DATAFLOW,OECD.SDD.STES:DSD_STES@DF_FINMARK(4.0),Financial market,I,POL,Poland,M,Monthly,IR3TIB,Short-term interest rates,PA,Percent per annum,_Z,Not applicable,_Z,Not applicable,_Z,Not applicable,_Z,Not applicable,N,National,1997-05,,22.14,,A,Normal value,0,Units,2,Two,,
DATAFLOW,OECD.SDD.STES:DSD_STES@DF_FINMARK(4.0),Financial market,I,POL,Poland,M,Monthly,IR3TIB,Short-term interest rates,PA,Percent per annum,_Z,Not applicable,_Z,Not applicable,_Z,Not applicable,_Z,Not applicable,N,National,1997-04,,22.11,,A,Normal value,0,Units,2,Two,,
DATAFLOW,OECD.SDD.STES:DSD_STES@DF_FINMARK(4.0),Financial market,I,POL,Poland,M,Monthly,IR3TIB,Short-term interest rates,PA,Percent per annum,_Z,Not applicable,_Z,Not applicable,_Z,Not applicable,_Z,Not applicable,N,National,1997-03,,22.08,,A,Normal value,0,Units,2,Two,,
DATAFLOW,OECD.SDD.STES:DSD_STES@DF_FINMARK(4.0),Financial market,I,POL,Poland,M,Monthly,IR3TIB,Short-term interest rates,PA,Percent per annum,_Z,Not applicable,_Z,Not applicable,_Z,Not applicable,_Z,Not applicable,N,National,1997-02,,21.77,,A,Normal value,0,Units,2,Two,,
DATAFLOW,OECD.SDD.STES:DSD_STES@DF_FINMARK(4.0),Financial market,I,POL,Poland,M,Monthly,IR3TIB,Short-term interest rates,PA,Percent per annum,_Z,Not applicable,_Z,Not applicable,_Z,Not applicable,_Z,Not applicable,N,National,1997-01,,21.47,,A,Normal value,0,Units,2,Two,,
DATAFLOW,OECD.SDD.STES:DSD_STES@DF_FINMARK(4.0),Financial market,I,POL,Poland,M,Monthly,IR3TIB,Short-term interest rates,PA,Percent per annum,_Z,Not applicable,_Z,Not applicable,_Z,Not applicable,_Z,Not applicable,N,National,2008-11,,6.56,,A,Normal value,0,Units,2,Two,,
DATAFLOW,OECD.SDD.STES:DSD_STES@DF_FINMARK(4.0),Financial market,I,POL,Poland,M,Monthly,IR3TIB,Short-term interest rates,PA,Percent per annum,_Z,Not applicable,_Z,Not applicable,_Z,Not applicable,_Z,Not applicable,N,National,2008-10,,6.85,,A,Normal value,0,Units,2,Two,,
DATAFLOW,OECD.SDD.STES:DSD_STES@DF_FINMARK(4.0),Financial market,I,POL,Poland,M,Monthly,IR3TIB,Short-term interest rates,PA,Percent per annum,_Z,Not applicable,_Z,Not applicable,_Z,Not applicable,_Z,Not applicable,N,National,2011-04,,4.3,,A,Normal value,0,Units,2,Two,,
DATAFLOW,OECD.SDD.STES:DSD_STES@DF_FINMARK(4.0),Financial market,I,POL,Poland,M,Monthly,IR3TIB,Short-term interest rates,PA,Percent per annum,_Z,Not applicable,_Z,Not applicable,_Z,Not applicable,_Z,Not applicable,N,National,2011-03,,4.2,,A,Normal value,0,Units,2,Two,,
DATAFLOW,OECD.SDD.STES:DSD_STES@DF_FINMARK(4.0),Financial market,I,POL,Poland,M,Monthly,IR3TIB,Short-term interest rates,PA,Percent per annum,_Z,Not applicable,_Z,Not applicable,_Z,Not applicable,_Z,Not applicable,N,National,2011-02,,4.15,,A,Normal value,0,Units,2,Two,,
DATAFLOW,OECD.SDD.STES:DSD_STES@DF_FINMARK(4.0),Financial market,I,POL,Poland,M,Monthly,IR3TIB,Short-term interest rates,PA,Percent per annum,_Z,Not applicable,_Z,Not applicable,_Z,Not applicable,_Z,Not applicable,N,National,2011-01,,4.09,,A,Normal value,0,Units,2,Two,,
DATAFLOW,OECD.SDD.STES:DSD_STES@DF_FINMARK(4.0),Financial market,I,POL,Poland,M,Monthly,IR3TIB,Short-term interest rates,PA,Percent per annum,_Z,Not applicable,_Z,Not applicable,_Z,Not applicable,_Z,Not applicable,N,National,2010-12,,3.95,,A,Normal value,0,Units,2,Two,,
DATAFLOW,OECD.SDD.STES:DSD_STES@DF_FINMARK(4.0),Financial market,I,POL,Poland,M,Monthly,IR3TIB,Short-term interest rates,PA,Percent per annum,_Z,Not applicable,_Z,Not applicable,_Z,Not applicable,_Z,Not applicable,N,National,2010-11,,3.88,,A,Normal value,0,Units,2,Two,,
DATAFLOW,OECD.SDD.STES:DSD_STES@DF_FINMARK(4.0),Financial market,I,POL,Poland,M,Monthly,IR3TIB,Short-term interest rates,PA,Percent per annum,_Z,Not applicable,_Z,Not applicable,_Z,Not applicable,_Z,Not applicable,N,National,2010-10,,3.85,,A,Normal value,0,Units,2,Two,,
DATAFLOW,OECD.SDD.STES:DSD_STES@DF_FINMARK(4.0),Financial market,I,POL,Poland,M,Monthly,IR3TIB,Short-term interest rates,PA,Percent per annum,_Z,Not applicable,_Z,Not applicable,_Z,Not applicable,_Z,Not applicable,N,National,1999-09,,16.32,,A,Normal value,0,Units,2,Two,,
